note,count,class
阿尔巴白松露,1 ,木质香调
阿根廷乌木,1 ,木质香调
阿基伽拉木,1 ,木质香调
阿基加拉木,3 ,木质香调
阿拉比卡咖啡,1 ,美食香调
阿拉伯茉莉,2 ,花香调
阿拉伯茉莉花,1 ,花香调
阿拉斯加海洋,1 ,海洋调
阿拉斯加金木,1 ,木质香调
阿拉斯加雪松,2 ,木质香调
阿拉斯加雪松精油,2 ,木质香调
阿玛菲橙花,1 ,花香调
阿米香树,4 ,木质香调
阿米香树木,2 ,木质香调
阿帕拉契山脉雪松,3 ,木质香调
阿特拉斯山脉雪松,3 ,木质香调
阿特拉斯雪松,9 ,木质香调
埃及橙花,3 ,花香调
埃及黑醋栗,3 ,果香调
埃及玫瑰,1 ,花香调
埃及茉莉,9 ,花香调
埃及茉莉精华,3 ,花香调
埃及檀香,1 ,木质香调
埃及天竺葵,5 ,花香调
埃及晚香玉,1 ,花香调
埃及无花果树,3 ,果香调
艾草,6 ,青香调
艾草精油,2 ,青香调
艾蒿,8 ,青香调
艾荞,3 ,青香调
艾维尼,1 ,花香调
安柏木,2 ,木质香调
安琪梨,2 ,果香调
安息香,84 ,东方调
安息香树脂,1 ,树脂调
安息香脂,4 ,木质香调
桉树,5 ,馥奇调
桉树油,1 ,木质香调
澳大利亚檀木,1 ,木质香调
澳大利亚檀香精油,2 ,木质香调
澳洲坚果,2 ,美食香调
澳洲檀香,3 ,木质香调
八角,1 ,馥奇调
八角茴香,9 ,辛香调
巴布亚香草原精,2 ,东方调
巴格达睡莲,2 ,花香调
巴拉圭马黛茶,2 ,概念性
巴拉圭玛黛茶,2 ,东方调
巴拉圭木,1 ,木质香调
巴拉圭愈创木,2 ,木质香调
巴马紫罗兰,3 ,花香调
巴西橙,2 ,柑橘调
巴西橙油,1 ,柑橘调
巴西红木,1 ,木质香调
巴西红杉,1 ,木质香调
巴西花梨木,3 ,木质香调
巴西绿柑橘精华,3 ,柑橘调
巴西玫瑰木,5 ,木质香调
巴西莓,2 ,果香调
巴西木,1 ,木质香调
巴西天堂兰,1 ,花香调
芭乐,1 ,果香调
白阿尔巴玫瑰,3 ,花香调
白百合,1 ,花香调
白扁柏,1 ,木质香调
白扁柏木,1 ,木质香调
白波斯菊,1 ,花香调
白苍兰,4 ,花香调
白草莓,1 ,果香调
白茶,19 ,花香调
白茶树叶,1 ,青香调
白沉香,1 ,木质香调
白醋栗,4 ,果香调
白丁香,1 ,花香调
白豆蔻,3 ,辛香调
白荳蔻,1 ,辛香调
白蜂蜜,2 ,美食香调
白柑橘,1 ,柑橘调
白广藿香,9 ,木质香调
白桂花,1 ,花香调
白果仁糖,1 ,美食香调
白胡椒,8 ,辛香调
白琥珀,21 ,东方调
白花,8 ,花香调
白花花瓣,1 ,花香调
白花香,2 ,花香调
白花紫罗兰,1 ,花香调
白桦,3 ,木质香调
白桦和荳蔻香味,1 ,木质香调
白桦木,2 ,木质香调
白桦树,3 ,木质香调
白桦树叶,1 ,木质香调
白麂皮,2 ,皮革香调
白兰花,1 ,花香调
白梨,1 ,果香调
白莲花,1 ,花香调
白铃兰,2 ,花香调
白龙涎香,2 ,麝香调
白玫瑰,11 ,花香调
白蜜桃,2 ,果香调
白茉莉,4 ,花香调
白茉莉花,2 ,花香调
白牡丹,12 ,花香调
白木,10 ,木质香调
白木兰,2 ,花香调
白木兰花,1 ,花香调
白木兰叶,1 ,花香调
白木香,3 ,木质香调
白木香树,1 ,木质香调
白柠檬,3 ,柑橘调
白巧克力,1 ,美食香调
白醛香,2 ,醛香调
白乳香,1 ,木质香调
白色百里香,1 ,青香调
白色风信子,2 ,花香调
白色覆盆子,3 ,果香调
白色琥珀,3 ,东方调
白色花朵,1 ,花香调
白色花朵(铃兰,1 ,花香调
白色花卉,2 ,花香调
白色花系,1 ,花香调
白色花香,5 ,花香调
白色茉莉,1 ,花香调
白色木香,1 ,木质香调
白色千金子藤,1 ,花香调
白色醛香,2 ,醛香调
白色森林,4 ,木质香调
白色水仙花,1 ,花香调
白色雪松木,2 ,木质香调
白色薰衣草,2 ,花香调
白色栀子花,1 ,花香调
白色紫罗兰,4 ,花香调
白麝香,181 ,麝香调
白麝香?,2 ,麝香调
白麝香鸡尾酒,1 ,概念性
白麝香芦荟,1 ,麝香调
白麝香乳香,1 ,麝香调
白水仙,1 ,花香调
白松,1 ,木质香调
白松木,2 ,木质香调
白松香,18 ,青香调
白松香叶,1 ,青香调
白苔,4 ,青香调
白苔癣,1 ,青香调
白檀,2 ,木质香调
白檀木,5 ,木质香调
白檀香,3 ,木质香调
白糖果仁,1 ,美食香调
白桃,12 ,果香调
白桃花蜜,1 ,花香调
白桃花心木,2 ,木质香调
白西洋杉,1 ,木质香调
白仙人掌,1 ,花香调
白香草,1 ,美食香调
白香根草,1 ,青香调
白雪松,15 ,木质香调
白雪松木,2 ,木质香调
白薰衣草,1 ,青香调
白油桃,1 ,果香调
白玉兰,3 ,花香调
白鸢尾花,2 ,花香调
白云玫瑰,1 ,花香调
白芝麻,1 ,美食香调
白芷,6 ,青香调
白芷根,1 ,木质香调
百合,38 ,花香调
百合花,7 ,花香调
百合山谷和八角,2 ,花香调
百合雅阁,1 ,花香调
百里香,17 ,馥奇调
百香果,19 ,果香调
百香果花,1 ,果香调
百叶蔷薇,4 ,花香调
柏,1 ,木质香调
柏木,13 ,木质香调
柏树,21 ,馥奇调
柏树香,2 ,木质香调
柏叶,1 ,木质香调
板栗,3 ,青香调
薄荷,96 ,馥奇调
薄荷冬青叶,1 ,青香调
薄荷胡椒,1 ,辛香调
薄荷肉荳蔻,1 ,辛香调
薄荷乳香,2 ,青香调
薄荷叶,6 ,青香调
薄荷油,2 ,花香调
宝石罂粟花,1 ,花香调
保加利亚大马士革玫瑰,2 ,花香调
保加利亚玫瑰,47 ,花香调
保加利亚玫瑰花蕾,3 ,花香调
保加利亚玫瑰精油,4 ,花香调
保加利亚薰衣草,1 ,青香调
保加利亚有机玫瑰,2 ,花香调
爆米花,4 ,美食香调
杯型蛋糕风味,1 ,美食香调
杯子蛋糕，白麝香,1 ,美食香调
北非洲橙花,1 ,花香调
北美洲巨型仙人掌,2 ,青香调
贝里尼,3 ,果香调
贝里尼鸡尾酒,1 ,果香调
苯乙烯属,3 ,概念性
比加拉德精华,1 ,柑橘调
扁豆,2 ,美食香调
冰,2 ,概念性
冰冻过水生薄荷,2 ,青香调
冰冻生姜,1 ,辛香调
冰冻小黄瓜,2 ,青香调
冰晶调,2 ,概念性
冰酿洋梨柠檬,1 ,果香调
冰柠檬,1 ,柑橘调
冰淇淋,1 ,美食香调
冰沁柑橘,1 ,柑橘调
冰沙,2 ,美食香调
冰霜橘栾果,1 ,果香调
冰霜麝香,1 ,麝香调
冰镇芒果,1 ,果香调
波本酒香,1 ,美食香调
波本香草,5 ,美食香调
波罗,1 ,果香调
波罗蜜,2 ,果香调
波旁胡椒,3 ,辛香调
波旁天竺葵,1 ,花香调
波旁香草,5 ,美食香调
波旁香根草,4 ,木质香调
波斯树脂,2 ,木质香调
菠萝,6 ,果香调
菠萝草莓,1 ,果香调
菠萝叶,1 ,青香调
勃根地黑醋栗花苞,2 ,花香调
布拉斯李,3 ,果香调
彩戈素,4 ,概念性
苍兰,3 ,花香调
藏红花,41 ,皮革香调
草本元素,2 ,青香调
草莓,16 ,果香调
草莓花,1 ,花香调
草莓奶油,2 ,美食香调
草香,3 ,青香调
草药笔记,1 ,青香调
草原香气,2 ,青香调
茶,3 ,花香调
茶藨子,1 ,青香调
茶花,2 ,花香调
茶玫瑰,3 ,花香调
茶香,1 ,青香调
茶香玫瑰,3 ,花香调
茶雅阁,1 ,花香调
茶叶,2 ,概念性
菖蒲,2 ,青香调
常春藤,2 ,青香调
常春藤叶,2 ,青香调
朝露,2 ,青香调
沉木,1 ,木质香调
沉香,26 ,木质香调
沉香（乌得琴）,1 ,木质香调
沉香（乌木）,2 ,木质香调
沉香木,7 ,木质香调
沉香木(乌木),1 ,木质香调
沉香树,1 ,木质香调
晨露,2 ,青香调
晨露花瓣,2 ,花香调
澄樱,1 ,果香调
橙,19 ,柑橘调
橙花,327 ,花香调
"橙花,青苹果",1 ,花香调
橙花纯油,1 ,花香调
橙花醇,8 ,花香调
橙花醇花瓣,1 ,花香调
橙花萃取,1 ,花香调
橙花花瓣,1 ,花香调
橙花精萃,1 ,花香调
橙花精粹,1 ,花香调
橙花精油,6 ,花香调
橙花水,2 ,花香调
橙花四重奏,1 ,花香调
橙花油,11 ,柑橘调
橙桔,1 ,柑橘调
橙橘,1 ,柑橘调
橙木,1 ,木质香调
橙皮,3 ,柑橘调
橙心草,1 ,青香调
橙叶,1 ,柑橘调
橙子,1 ,柑橘调
橙子花,3 ,柑橘调
赤素馨花,2 ,花香调
臭氧,5 ,概念性
臭氧元素,1 ,海洋调
雏菊,4 ,花香调
雏菊花瓣,1 ,花香调
川椒,3 ,辛香调
纯白森林木,2 ,木质香调
纯龙涎香醚,1 ,琥珀调
纯香草,3 ,美食香调
纯真的梦幻玫瑰,1 ,花香调
刺柏梅,1 ,木质香调
刺梨,1 ,果香调
丛林树叶,1 ,青香调
脆琥珀,2 ,概念性
脆梨,2 ,果香调
翠玉苹果,4 ,果香调
达科塔州水仙,2 ,花香调
大草莓,1 ,果香调
大胆的牡丹玫瑰,1 ,花香调
大花茉莉精华,1 ,花香调
大黄,24 ,果香调
大黄叶,1 ,青香调
大茴香,2 ,辛香调
大吉岭茶,7 ,花香调
大丽花,2 ,花香调
大丽花协定,1 ,花香调
大麻,1 ,青香调
大马士革,1 ,花香调
大马士革玫瑰,35 ,花香调
大马士革玫瑰精华,2 ,花香调
大马士革玫瑰精油,3 ,花香调
大马士革玫瑰原精,3 ,花香调
大马士酮,1 ,花香调
大麦,2 ,美食香调
大西洋雪松,3 ,木质香调
大溪地花朵,2 ,花香调
大溪地皇冠花,1 ,花香调
大溪地香草,6 ,美食香调
大溪地香草兰花,1 ,花香调
大溪地薰草豆,2 ,东方调
大溪地栀子花,3 ,花香调
丹参,1 ,青香调
淡麝香,1 ,麝香调
蛋白霜,1 ,美食香调
当归,13 ,辛香调
当归花,1 ,花香调
当归籽,1 ,花香调
德州雪松,2 ,木质香调
德州雪松木,1 ,木质香调
地衣,1 ,青香调
地中海草本植物,1 ,青香调
地中海灌木,1 ,木质香调
地中海橘果香,1 ,果香调
地中海蓝柏,1 ,木质香调
蒂亚蕾花,2 ,花香调
丁香,40 ,辛香调
丁香花,2 ,花香调
丁香花苞,2 ,花香调
丁香基,1 ,花香调
丁香玫瑰,1 ,花香调
丁子香,1 ,辛香调
顶级玫瑰精油,1 ,花香调
东方调,2 ,东方调
东方柑橘,1 ,柑橘调
东方琥珀,1 ,东方调
东方木材,1 ,木质香调
东方香草,2 ,东方调
东方香料,1 ,东方调
东方综合木香,2 ,东方调
东加豆,32 ,果香调
东加香豆,2 ,美食香调
东佳豆,2 ,木质香调
东迦豆,1 ,东方调
东印度岩兰草,2 ,木质香调
冬梨,1 ,果香调
豆蔻,13 ,辛香调
豆蔻果实,2 ,辛香调
荳蔻,85 ,辛香调
荳蔻果实,2 ,辛香调
荳蔻荚,1 ,辛香调
杜松,42 ,皮革香调
杜松果,5 ,木质香调
杜松浆果,5 ,木质香调
杜松精油,2 ,木质香调
杜松莓,1 ,果香调
杜松莓果,2 ,果香调
杜松子,29 ,辛香调
杜松子酒,1 ,馥奇调
缎木,1 ,花香调
椴花,1 ,花香调
椴树花苞,1 ,花香调
顿加豆,17 ,东方调
多花素馨精粹,2 ,花香调
多香果,1 ,辛香调
多香果叶,1 ,辛香调
多汁水果,3 ,果香调
多种绿叶,1 ,青香调
俄罗斯白桦,2 ,木质香调
俄罗斯胡荽,1 ,辛香调
俄罗斯桦树,1 ,木质香调
俄罗斯皮革,1 ,皮革香调
俄罗斯软糖,1 ,美食香调
俄罗斯芜荽,1 ,辛香调
俄罗斯芫荽,1 ,青香调
鹅掌楸树皮,1 ,木质香调
法国橙花,3 ,柑橘调
法国劳丹脂,1 ,木质香调
法国千叶玫瑰,1 ,花香调
法国鼠尾草,2 ,青香调
法国香根鸢尾,4 ,花香调
法国薰衣草,2 ,花香调
法国烟叶,1 ,烟草香调
法国夜来香,1 ,花香调
番红花,23 ,花香调
番木瓜,3 ,果香调
番茄叶,3 ,青香调
番石榴,6 ,果香调
番石榴果泥,1 ,果香调
蕃茄,4 ,果香调
梵尼兰,1 ,美食香调
方糖,1 ,美食香调
芳香树脂,1 ,木质香调
芳樟树叶,2 ,木质香调
非洲橙花,2 ,花香调
非洲橙子花,1 ,花香调
非洲天竺葵,1 ,花香调
非洲万寿菊,1 ,花香调
菲律宾香水树,1 ,花香调
绯红罂粟,1 ,花香调
肥皂泡,2 ,概念性
肥皂香气,1 ,概念性
焚香,44 ,东方调
粉红百合,2 ,花香调
粉红冰霜,1 ,概念性
粉红苍兰,2 ,花香调
粉红番石榴,1 ,果香调
粉红风信子,2 ,花香调
粉红柑苔,2 ,柑苔香调
粉红干胡椒,2 ,辛香调
粉红胡椒,221 ,辛香调
粉红胡桃糖,1 ,美食香调
粉红糊椒,1 ,辛香调
粉红虎百合,1 ,花香调
粉红琥珀,1 ,东方调
粉红花椒,1 ,辛香调
粉红麂皮,1 ,皮革香调
粉红佳人苹果,4 ,果香调
粉红浆果,1 ,果香调
粉红椒,1 ,辛香调
粉红椒精萃,2 ,辛香调
粉红玫瑰,2 ,花香调
粉红莓,1 ,果香调
粉红莓果,2 ,果香调
粉红棉花糖,2 ,美食香调
粉红茉莉,2 ,花香调
粉红茉莉花,1 ,花香调
粉红牡丹,12 ,花香调
粉红木兰,1 ,花香调
粉红木兰花,2 ,花香调
粉红葡萄柚,23 ,柑橘调
粉红色浆果,2 ,果香调
粉红色葡萄柚,1 ,果香调
粉红色小苍兰,1 ,花香调
粉红色栀子花瓣,1 ,花香调
粉红麝香,2 ,麝香调
粉红糖,4 ,美食香调
粉红仙客来,1 ,花香调
粉红小苍兰,3 ,花香调
粉红鸢尾草,2 ,花香调
粉红月桂树,1 ,花香调
粉胡椒椒,1 ,辛香调
粉椒,2 ,辛香调
粉色胡椒,5 ,辛香调
粉色牡丹,3 ,花香调
粉色桃花,1 ,花香调
粉香,1 ,粉香调
粉香雪兰,1 ,花香调
粉鸢尾,1 ,花香调
粉状调,1 ,粉香调
风铃草,4 ,花香调
风信子,19 ,花香调
枫子香,1 ,木质香调
蜂蜡,2 ,美食香调
蜂蜜,41 ,美食香调
蜂蜜花,2 ,花香调
蜂香薄荷,1 ,青香调
凤梨,49 ,果香调
凤梨布蕾,1 ,美食香调
凤梨花,1 ,果香调
凤梨叶,2 ,青香调
凤仙花,1 ,馥奇调
肤色麝香,1 ,麝香调
弗吉尼亚雪松,7 ,木质香调
弗吉尼亚州雪松,1 ,木质香调
伏特加,1 ,馥奇调
扶桑花,2 ,花香调
芙蓉,4 ,花香调
芙蓉籽,1 ,花香调
佛吉尼亚柏树,1 ,木质香调
佛罗伦斯鸢尾花,5 ,花香调
佛手柑,612 ,柑橘调
佛手柑和紫檀,1 ,木质香调
佛手柑花,1 ,花香调
佛手柑鸡尾酒,2 ,果香调
佛手柑精油,2 ,柑橘调
佛手柑皮,1 ,柑橘调
佛手柑麝香,1 ,麝香调
佛手柑雾,1 ,柑橘调
佛手柑叶,1 ,青香调
佛手柚,1 ,柑橘调
浮木,3 ,木质香调
富士苹果,1 ,果香调
覆盆莓,16 ,果香调
覆盆莓叶,1 ,青香调
覆盆子,56 ,果香调
覆盆子果糖,2 ,美食香调
覆盆子花,5 ,花香调
覆盆子花蜜,1 ,果香调
覆盆子叶,2 ,青香调
甘草,9 ,美食香调
甘草根,1 ,青香调
甘草花,1 ,花香调
甘草香,1 ,辛香调
甘椒,2 ,辛香调
甘菊,1 ,花香调
柑桔,8 ,柑橘调
柑桔精华,1 ,柑橘调
柑橘,323 ,果香调
柑橘.,1 ,柑橘调
柑橘BIGARRADE,1 ,柑橘调
柑橘白兰地,2 ,柑橘调
柑橘调,3 ,柑橘调
柑橘果浆,1 ,柑橘调
柑橘花,5 ,柑橘调
柑橘花蜜,1 ,柑橘调
柑橘鸡尾酒,1 ,柑橘调
柑橘精粹,2 ,柑橘调
柑橘类,2 ,柑橘调
柑橘水,1 ,柑橘调
柑橘香,1 ,柑橘调
柑橘叶,4 ,青香调
柑橘籽精粹,1 ,柑橘调
柑苔调,2 ,柑苔香调
感性麝香,1 ,麝香调
橄榄木,2 ,木质香调
橄榄树,3 ,木质香调
橄榄叶,1 ,青香调
干草,4 ,烟草香调
干果,9 ,果香调
干琥珀,2 ,东方调
干姜粉末,1 ,辛香调
干木,2 ,木质香调
干邑白兰地,8 ,木质香调
干燥木材,1 ,木质香调
干燥木质,1 ,木质香调
干燥柚子花,1 ,花香调
干质木香,1 ,木质香调
高山火绒草,2 ,花香调
哥斯大黎加铁木,2 ,木质香调
格拉斯玫瑰,8 ,花香调
格拉斯玫瑰原精,3 ,花香调
格拉斯千叶玫瑰,1 ,花香调
格拉斯晚香玉,1 ,花香调
格拉斯五月玫瑰,1 ,花香调
格蓬,2 ,青香调
葛缚子,2 ,辛香调
葛缕子,3 ,辛香调
葛缕子香,1 ,辛香调
宫人草,1 ,花香调
枸杞,2 ,果香调
枸杞莓,2 ,果香调
枸橼,1 ,柑橘调
孤挺花,1 ,花香调
古巴卡藜油,1 ,辛香调
古巴兰姆精萃,2 ,美食香调
古巴香木,1 ,木质香调
古巴香脂,2 ,东方调
古尔琼香脂,1 ,东方调
古尔朱姆香脂,1 ,木质香调
古明茴香,1 ,辛香调
古配巴树脂,1 ,树脂调
谷粒,1 ,美食香调
固状琥珀,1 ,东方调
瓜地马拉荳蔻,1 ,辛香调
瓜地马拉小豆蔻,1 ,辛香调
瓜尔酮,2 ,海洋调
瓜果,1 ,果香调
瓜亚木,2 ,木质香调
莞荽,4 ,青香调
掼奶油,1 ,美食香调
广霍香,7 ,木质香调
广藿香,488 ,柑苔香调
广藿香萃取,2 ,木质香调
广藿香花,1 ,花香调
广藿香精华,4 ,木质香调
广藿香芽,1 ,青香调
广藿香叶,1 ,青香调
广藿子,1 ,木质香调
广蕾香,1 ,青香调
广香,1 ,木质香调
桂冠,1 ,木质香调
桂花,32 ,花香调
桂花精华,2 ,花香调
桂叶,1 ,辛香调
桧木,3 ,木质香调
桧木毬果,1 ,木质香调
果酱,2 ,果香调
果仁糖,26 ,美食香调
果味,1 ,果香调
果香,10 ,果香调
果香玫瑰,1 ,花香调
果子狸,1 ,麝香调
哈密瓜,7 ,果香调
哈蜜瓜,2 ,果香调
海百合,2 ,花香调
海地阿米香树脂油,1 ,木质香调
海地香根草,33 ,木质香调
海地岩兰草,4 ,木质香调
海风,1 ,海洋调
海风调,1 ,海洋调
海浪,1 ,海洋调
海狸香,4 ,皮革香调
海上浮木,1 ,海洋调
海神草,3 ,海洋调
海水,1 ,海洋调
海水微量元素,1 ,海洋调
海水雾气,1 ,海洋调
海索草,1 ,馥奇调
海棠花,2 ,花香调
海桐花,5 ,花香调
海盐,14 ,海洋调
海盐焦糖,3 ,美食香调
海盐椰子,1 ,海洋调
海洋,4 ,海洋调
海洋薄荷,2 ,海洋调
海洋草,1 ,海洋调
海洋调,39 ,海洋调
海洋风味,1 ,海洋调
海洋基调,2 ,海洋调
海洋气息,3 ,海洋调
海洋微风,4 ,海洋调
海椰子,1 ,果香调
海芋,1 ,花香调
海藻,9 ,海洋调
含羞草,34 ,花香调
含羞草花,1 ,花香调
含羞草叶,1 ,青香调
蒿属,1 ,青香调
合欢花,2 ,花香调
和佛手柑,1 ,柑橘调
荷花,15 ,花香调
荷花香,1 ,花香调
荷兰石竹,1 ,花香调
核仁,1 ,果香调
黑白雪松,2 ,木质香调
黑茶藨子,1 ,果香调
黑茶蔍子,1 ,果香调
黑茶蔗子,2 ,果香调
黑茶子,1 ,果香调
黑刺李,1 ,果香调
黑醋栗,114 ,果香调
黑醋栗花蕾,2 ,花香调
黑醋栗嫩芽,1 ,青香调
黑醋栗芽,6 ,果香调
黑醋栗芽苞,1 ,青香调
黑醋栗野蔷薇,1 ,果香调
黑醋栗叶,1 ,青香调
黑豆蔻,2 ,辛香调
黑豆香,1 ,美食香调
黑胡椒,89 ,辛香调
黑胡椒精油,1 ,辛香调
黑琥珀,3 ,东方调
黑麂皮,3 ,皮革香调
黑加豆,2 ,美食香调
黑加仑,25 ,果香调
黑加仑子,1 ,果香调
黑浆果,1 ,果香调
黑咖啡,2 ,美食香调
黑兰花,1 ,花香调
黑兰姆酒,1 ,美食香调
黑栗酒,1 ,美食香调
黑罗勒,2 ,青香调
黑玫瑰,2 ,花香调
黑莓,15 ,果香调
黑莓果,2 ,果香调
黑莓花,1 ,花香调
黑莓雪酪,1 ,果香调
黑莓叶,1 ,青香调
黑梅,1 ,果香调
黑茉莉,1 ,花香调
黑木,1 ,木质香调
黑木材,2 ,木质香调
黑柠檬,3 ,柑橘调
黑皮革,2 ,皮革香调
黑巧克力,4 ,美食香调
黑色琥珀,1 ,东方调
黑色兰花,2 ,花香调
黑色皮革,1 ,皮革香调
黑色香草,3 ,美食香调
黑色椰子,1 ,概念性
黑麝香,2 ,麝香调
黑松露,3 ,美食香调
黑苔,1 ,青香调
黑檀,3 ,木质香调
黑檀木,6 ,木质香调
黑糖,1 ,美食香调
黑铁杉,1 ,木质香调
黑香草,2 ,美食香调
黑香豆,6 ,美食香调
黑樱桃,6 ,果香调
黑郁金香,1 ,花香调
黑鸢尾,2 ,木质香调
黑芝麻,1 ,概念性
黑紫罗兰,4 ,花香调
烘焙咖啡豆,1 ,美食香调
烘烤过的零陵香豆,2 ,东方调
烘烤薰草豆,1 ,美食香调
红百合,2 ,花香调
红百里香,2 ,辛香调
红宝石葡萄柚,1 ,柑橘调
红茶,11 ,花香调
红茶叶提取物,2 ,东方调
红橙,3 ,柑橘调
红橙姜,1 ,辛香调
红赤素馨花,1 ,花香调
红醋栗,28 ,果香调
红醋栗叶,1 ,青香调
红枫,3 ,木质香调
红果,2 ,果香调
红海藻,4 ,海洋调
红胡椒,1 ,辛香调
红姜花,1 ,花香调
红浆果,8 ,果香调
红椒,3 ,辛香调
红橘,4 ,柑橘调
红辣椒,2 ,辛香调
红兰花,1 ,花香调
红李子,1 ,果香调
红荔枝,1 ,果香调
红萝卜籽,2 ,青香调
红没药,1 ,东方调
红玫瑰,8 ,花香调
红莓,4 ,果香调
红梅果,1 ,果香调
红牡丹,4 ,花香调
红木,1 ,木质香调
红苹果,16 ,果香调
红苹果花,2 ,花香调
红葡萄酒,1 ,果香调
红葡萄柚,3 ,柑橘调
红肉桂,1 ,辛香调
红色百合,1 ,花香调
红色彼岸花,2 ,花香调
红色大丽花,1 ,花香调
红色浆果,2 ,果香调
红色莓果,1 ,果香调
红色生姜,1 ,辛香调
红色柿子椒,2 ,青香调
红色水果,1 ,果香调
红色丝绒花,1 ,花香调
红色香料,1 ,辛香调
红石榴,4 ,果香调
红石榴花蜜,1 ,果香调
红丝绒玫瑰,1 ,花香调
红太妃糖苹果,2 ,美食香调
红糖,6 ,美食香调
红桃,1 ,果香调
红西洋杉,1 ,木质香调
红心番石榴,1 ,果香调
红心石榴,1 ,果香调
红雪松,4 ,木质香调
红樱桃,1 ,果香调
红柚,2 ,果香调
红藻,1 ,海洋调
胡椒,60 ,辛香调
胡椒豆,1 ,辛香调
胡椒复方,1 ,辛香调
胡椒精萃,2 ,辛香调
胡椒粒,1 ,辛香调
胡椒木,3 ,木质香调
胡萝卜,6 ,青香调
胡萝卜种子,1 ,青香调
胡萝卜籽,13 ,花香调
胡荽,21 ,青香调
胡荽叶,1 ,青香调
胡荽种子,1 ,辛香调
胡荽子,1 ,辛香调
胡桃,2 ,木质香调
胡桃糖,2 ,美食香调
葫芦巴,1 ,辛香调
蝴蝶百合,3 ,花香调
蝴蝶兰,1 ,花香调
虎百合,2 ,花香调
虎尾草,2 ,青香调
虎尾草花,1 ,花香调
琥柏,1 ,琥珀调
琥珀,445 ,东方调
琥珀萃取,3 ,东方调
琥珀调,2 ,东方调
琥珀花,1 ,琥珀调
琥珀金,2 ,琥珀调
琥珀木,58 ,木质香调
琥珀木香,3 ,木质香调
琥珀木质,1 ,木质香调
琥珀木质调,4 ,木质香调
琥珀麝香,2 ,麝香调
琥珀水晶,1 ,琥珀调
琥珀味种子,1 ,木质香调
琥珀香,2 ,东方调
琥珀烟草,3 ,烟草香调
琥珀子,4 ,木质香调
琥珀籽,1 ,东方调
槴子花,9 ,花香调
槴子花瓣,1 ,花香调
花瓣,1 ,花香调
花椒,4 ,辛香调
花茎,1 ,青香调
花茎甘蓝柠檬,2 ,柑橘调
花梨木,11 ,木质香调
花蜜,1 ,果香调
花束,1 ,花香调
花香,2 ,花香调
花香元素,1 ,花香调
滑顺檀香,1 ,木质香调
桦木,11 ,皮革香调
桦木叶,1 ,木质香调
桦树苔,2 ,青香调
怀俄明州的棉白杨,2 ,木质香调
皇冠花,2 ,花香调
皇家茉莉,1 ,花香调
黄金柏木,1 ,木质香调
黄瓜,3 ,青香调
黄金柏树,2 ,木质香调
黄金蝴蝶兰,2 ,花香调
黄金琥珀,1 ,东方调
黄金橘,1 ,柑橘调
黄金木,12 ,木质香调
黄金温梨,2 ,果香调
黄金杏仁,1 ,美食香调
黄槿花,1 ,花香调
黄葵,17 ,麝香调
黄葵种子,1 ,麝香调
黄葵子,1 ,花香调
黄葵籽,14 ,东方调
黄梨,3 ,果香调
黄连木,1 ,木质香调
黄玫瑰,1 ,花香调
黄玫瑰香,2 ,花香调
黄牡丹,1 ,花香调
黄色金香木,1 ,木质香调
黄色牡丹,1 ,花香调
黄色葡萄柚,1 ,果香调
黄水仙,1 ,花香调
黄水仙花,2 ,花香调
黄檀,1 ,木质香调
黄糖,2 ,美食香调
黄天竺,2 ,青香调
黄香李,2 ,果香调
黄玉兰,1 ,花香调
灰麝香,1 ,麝香调
茴香,11 ,馥奇调
火龙果,5 ,果香调
火石,2 ,概念性
火药,1 ,皮革香调
火药粉末,1 ,概念性
鸡蛋花,12 ,花香调
鸡尾酒,1 ,果香调
鸡血石,1 ,概念性
麂皮,14 ,皮革香调
麂皮皮革,3 ,皮革香调
麂皮麝香,3 ,麝香调
麂绒,2 ,皮革香调
加勒比海丁香胡椒,1 ,辛香调
加勒比海柠檬,2 ,柑橘调
加拿大白雪松,2 ,木质香调
加州橘,1 ,柑橘调
加州罂粟,1 ,花香调
夹竹桃花,4 ,花香调
佳蕾花,2 ,花香调
迦逻木,1 ,木质香调
嘉宝果,1 ,果香调
姜,48 ,辛香调
姜饼,2 ,美食香调
姜根,2 ,辛香调
姜黄,7 ,辛香调
姜黄叶,1 ,青香调
姜心精华,2 ,辛香调
浆果,2 ,果香调
降龙涎香醚,26 ,概念性
胶蔷树,1 ,树脂调
椒花,1 ,辛香调
焦糖,29 ,美食香调
焦糖木质香,1 ,木质香调
焦糖香草布蕾,1 ,美食香调
角果澡,1 ,概念性
接骨木,1 ,花香调
接骨木花,2 ,花香调
金发木,3 ,木质香调
金发伍兹,1 ,木质香调
金合欢,9 ,花香调
金黄琥珀,1 ,东方调
金黄木,2 ,木质香调
金黄木香,1 ,木质香调
金黄木质,1 ,木质香调
金黄苹果,1 ,果香调
金黄水仙,1 ,花香调
金黄香木,2 ,木质香调
金桔,7 ,果香调
金橘,7 ,柑橘调
金梨,1 ,果香调
金木,1 ,木质香调
金雀花,4 ,花香调
金色木香,3 ,木质香调
金属,2 ,概念性
金银,1 ,矿物调
金银花,31 ,花香调
金盏花,8 ,果香调
金盏花和水仙花,2 ,花香调
锦缎玫瑰,1 ,花香调
锦葵,1 ,花香调
禁忌的苹果,1 ,果香调
精米香,1 ,美食香调
精致依兰,2 ,花香调
九重葛,1 ,花香调
桔柑,2 ,柑橘调
桔花,1 ,花香调
橘,2 ,柑橘调
橘花,1 ,花香调
橘木,1 ,木质香调
橘皮,1 ,柑橘调
橘香,1 ,柑橘调
橘子,46 ,柑橘调
橘子花,3 ,柑橘调
橘子树花,2 ,花香调
橘子香,1 ,柑橘调
决明子,1 ,花香调
咖啡,26 ,美食香调
咖啡萃取,2 ,美食香调
咖啡精华,2 ,美食香调
咖啡木,1 ,木质香调
咖啡树花,2 ,花香调
喀什尔米木,1 ,木质香调
喀什米尔,10 ,木质香调
喀什米尔覆盆子,1 ,果香调
喀什米尔木,46 ,木质香调
喀什米尔木麝香,3 ,木质香调
喀什米尔木香,1 ,木质香调
喀什米尔麝香,11 ,麝香调
喀什米尔酮,2 ,麝香调
喀什米尔香草,1 ,东方调
喀什米尔香氛,1 ,麝香调
喀什米尔香木,1 ,木质香调
喀什米尔香气,1 ,木质香调
喀什米亚木,2 ,木质香调
卡布奇诺,1 ,美食香调
卡德蒙乳胶,1 ,辛香调
卡拉布里佛手柑,1 ,柑橘调
卡拉布里亚佛手柑,14 ,柑橘调
卡拉布里亚柑橘,1 ,柑橘调
卡拉布里亚香柠檬,1 ,柑橘调
卡拉曼兹水果,1 ,果香调
卡皮林禾莱姆,2 ,柑橘调
卡萨布兰卡百合,2 ,花香调
开士米木,1 ,木质香调
开司米木,2 ,木质香调
开司米木香,4 ,木质香调
开司米羊绒,1 ,概念性
开心果,11 ,美食香调
开心果树,1 ,果香调
凯德油,1 ,木质香调
康乃馨,24 ,花香调
烤零陵香豆,2 ,东方调
烤芝麻,1 ,美食香调
可可,19 ,美食香调
可可果,1 ,美食香调
可可果壳,1 ,美食香调
可可和姜,1 ,美食香调
可可亚,2 ,美食香调
可可脂,1 ,美食香调
克莱门氏小柑橘,2 ,柑橘调
克莱门汀花,1 ,花香调
克罗丽丝玫瑰,1 ,花香调
克纳夫,1 ,辛香调
克什米尔木,1 ,木质香调
肯塔基州的六月禾,2 ,青香调
空气,1 ,概念性
苦艾,2 ,馥奇调
苦艾草,2 ,青香调
苦艾酒,5 ,馥奇调
苦艾油,3 ,青香调
苦橙,52 ,柑橘调
苦橙白花,1 ,花香调
苦橙花,4 ,花香调
苦橙精华,3 ,柑橘调
苦橙叶,46 ,青香调
苦蒿,2 ,青香调
苦杏仁,7 ,果香调
快乐鼠尾草,35 ,馥奇调
快乐鼠尾草精油,2 ,青香调
矿物调,1 ,矿物调
矿物木质,2 ,木质香调
矿物元素,1 ,概念性
拉布里亚岛佛手柑,2 ,柑橘调
腊菊,1 ,花香调
蜡菊,7 ,花香调
辣椒,8 ,辛香调
辣椒花叶,1 ,青香调
莱姆,20 ,柑橘调
莱姆酒,3 ,果香调
莱姆琴酒气泡,1 ,果香调
兰,1 ,花香调
兰花,27 ,花香调
兰花楹木,2 ,木质香调
兰姆,1 ,果香调
兰姆酒,6 ,美食香调
蓝柏,2 ,木质香调
蓝柏木,2 ,木质香调
蓝茶,3 ,概念性
蓝风铃,2 ,花香调
蓝风信子,3 ,花香调
蓝玫瑰,4 ,花香调
蓝莓,5 ,果香调
蓝木红衫,1 ,木质香调
蓝色风信子,1 ,花香调
蓝色罗勒,1 ,青香调
蓝色鼠尾草,2 ,青香调
蓝色无花果,1 ,果香调
蓝色仙客来,3 ,花香调
蓝色薰衣草,3 ,花香调
蓝色罂粟,1 ,花香调
蓝色鸢尾花,2 ,花香调
蓝杉,1 ,木质香调
蓝水百合,3 ,花香调
蓝丝柏,1 ,木质香调
蓝雪松,2 ,木质香调
蓝罂粟,1 ,花香调
榄香,8 ,木质香调
榄香脂,25 ,东方调
朗姆酒,16 ,果香调
浪漫的法国蔷薇,1 ,花香调
劳丹木,1 ,树脂调
劳丹脂,36 ,东方调
劳丹脂油,1 ,东方调
老鹳草,5 ,青香调
老鹤草,5 ,青香调
老虎兰花,2 ,花香调
冷萃酢橘,1 ,柑橘调
冷冻薄荷伏特加,2 ,美食香调
冷冻梨,1 ,果香调
冷杉,15 ,馥奇调
冷杉木,1 ,木质香调
冷杉树脂,2 ,木质香调
冷杉香脂,2 ,东方调
冷杉针,1 ,青香调
冷衫树脂,2 ,木质香调
冷麝香,1 ,麝香调
梨,37 ,果香调
梨花,7 ,花香调
梨树花,2 ,花香调
梨树叶,1 ,青香调
梨雅阁,1 ,果香调
梨汁,2 ,果香调
梨子,35 ,果香调
梨子?,1 ,果香调
梨子果皮,1 ,果香调
梨子雪酪,4 ,果香调
黎巴嫩白西洋杉,3 ,木质香调
李木,2 ,果香调
李子,33 ,果香调
李子花蜜,1 ,花香调
立山小种茶,1 ,青香调
丽芙泰勒玫瑰,1 ,花香调
荔枝,52 ,果香调
荔枝精粹,2 ,果香调
栗树,3 ,木质香调
栗子,7 ,美食香调
莲花,43 ,花香调
莲花叶,3 ,青香调
莲叶,1 ,青香调
凉鞋木,2 ,木质香调
寮国安息香,1 ,木质香调
寮国沉香,1 ,木质香调
蓼花,1 ,花香调
铃兰,107 ,花香调
铃兰百合,1 ,花香调
铃兰果香,2 ,花香调
铃兰花,4 ,花香调
铃兰花瓣,2 ,花香调
陵兰,1 ,花香调
陵兰香豆,1 ,花香调
陵香豆,1 ,木质香调
零凌香豆,2 ,东方调
零陵香,4 ,木质香调
零陵香豆,144 ,东方调
零陵香豆木,1 ,木质香调
零陵香木,11 ,木质香调
零陵香薰草,1 ,木质香调
留尼旺岛香草,3 ,美食香调
柳澄,1 ,柑橘调
柳橙,14 ,柑橘调
龙艾,2 ,青香调
龙柏,1 ,木质香调
龙胆,4 ,花香调
龙蒿,10 ,青香调
龙蒿和柑橘,2 ,柑橘调
龙蒿叶,1 ,青香调
龙舌兰,2 ,青香调
龙舌兰酒,1 ,馥奇调
龙涎呋喃琥珀,1 ,琥珀调
龙涎麝香,3 ,麝香调
龙涎酮,4 ,概念性
龙涎香,129 ,麝香调
龙涎香醚,17 ,概念性
龙血树香脂,2 ,木质香调
龙延香,2 ,麝香调
龙延香醚,2 ,东方调
芦笔管,3 ,青香调
芦荟木,2 ,木质香调
芦苇茎,2 ,青香调
鹿藿香,1 ,木质香调
鹿尾草,3 ,青香调
露莓,3 ,果香调
露雾,1 ,概念性
罗勒,41 ,馥奇调
罗勒叶,2 ,青香调
罗马洋甘菊,1 ,花香调
逻罗安息香,3 ,东方调
绿百合,1 ,花香调
绿薄荷,7 ,馥奇调
绿草,4 ,青香调
绿茶,33 ,青香调
绿茶调,1 ,青香调
绿丁香,2 ,花香调
绿豆蔻,1 ,辛香调
绿荳蔻,1 ,辛香调
绿柑橘,6 ,青香调
绿胡椒,5 ,辛香调
绿花,1 ,青香调
绿椒,1 ,青香调
绿橘,8 ,柑橘调
绿橘子,1 ,柑橘调
绿莱姆,1 ,柑橘调
绿梨,6 ,果香调
绿芒果,3 ,果香调
绿柠檬叶果泥,1 ,柑橘调
绿苹果叶精萃,1 ,果香调
绿色风信子,1 ,花香调
绿色花卉,1 ,青香调
绿色玫瑰花苞,1 ,花香调
绿色珊瑚兰,2 ,花香调
绿色水果,1 ,果香调
绿色元素,1 ,青香调
绿色紫丁香,3 ,花香调
绿苔,2 ,青香调
绿荨麻,1 ,青香调
绿野甘香,1 ,青香调
绿叶,21 ,青香调
绿叶调,2 ,青香调
绿叶汁液,3 ,青香调
绿榛果,1 ,果香调
绿竹,1 ,青香调
马鞭草,14 ,柑橘调
马达加斯加波旁香草,1 ,美食香调
马达加斯加粉红胡椒,1 ,辛香调
马达加斯加黑胡椒,2 ,辛香调
马达加斯加兰花,1 ,花香调
马达加斯加隆格莎,1 ,木质香调
马达加斯加香草,12 ,美食香调
马达加斯加香根草,2 ,木质香调
马黛,1 ,青香调
马黛茶,6 ,青香调
马德拉斯木,2 ,木质香调
马卡龙,1 ,美食香调
马拉巴尔生姜,1 ,辛香调
马拉草莓果浆,2 ,果香调
马里波萨百合,1 ,花香调
玛黛,1 ,青香调
玛黛茶,5 ,概念性
玛德莲蛋糕,1 ,美食香调
玛瑙,1 ,矿物调
迈索尔檀木,1 ,木质香调
麦玫瑰,1 ,花香调
麦芽,1 ,美食香调
曼林克果香,2 ,果香调
曼斯特玫瑰,1 ,花香调
曼陀罗,3 ,花香调
曼陀罗花,4 ,花香调
曼陀螺花,1 ,花香调
蔓越莓,1 ,果香调
蔓越莓果,1 ,果香调
芒果,9 ,果香调
芒果花,1 ,花香调
芒果青,1 ,果香调
毛茉莉,1 ,花香调
没药,20 ,东方调
没药树,1 ,辛香调
没药树脂,1 ,东方调
玫瑰,314 ,花香调
玫瑰草,4 ,花香调
玫瑰纯香,2 ,花香调
玫瑰花,12 ,花香调
玫瑰花瓣,9 ,花香调
玫瑰花苞,3 ,花香调
玫瑰花和佛柑,1 ,花香调
玫瑰花蕾,3 ,花香调
玫瑰花露,1 ,花香调
玫瑰花枝,1 ,花香调
玫瑰精粹,3 ,花香调
玫瑰精华,4 ,花香调
玫瑰精油,1 ,花香调
玫瑰木,11 ,木质香调
玫瑰麝香,1 ,花香调
玫瑰水,9 ,花香调
玫瑰水精华,2 ,花香调
玫瑰天竺葵,3 ,花香调
玫瑰芽,1 ,花香调
玫瑰原精,1 ,花香调
莓果,4 ,果香调
梅花,7 ,花香调
梅子,4 ,果香调
美国梧桐木,3 ,木质香调
美食调,1 ,美食香调
美洲番茉莉,1 ,花香调
梦木,2 ,木质香调
梦木DREAMWOOD,1 ,木质香调
迷迭香,65 ,馥奇调
米香,2 ,美食香调
秘鲁圣木,3 ,木质香调
秘鲁香脂,7 ,木质香调
蜜柑,2 ,果香调
蜜瓜,4 ,果香调
蜜饯,1 ,美食香调
蜜橘,6 ,柑橘调
蜜梨,3 ,果香调
蜜糖苹果,1 ,果香调
蜜桃,13 ,果香调
蜜桃冰沙,2 ,果香调
蜜桃花,3 ,果香调
棉花,8 ,花香调
棉花麝香,2 ,麝香调
棉花糖,9 ,美食香调
棉杉橘,1 ,柑橘调
棉衫菊,2 ,花香调
摩洛哥橙花,2 ,花香调
摩洛哥桔橘花,1 ,花香调
摩洛哥橘子,1 ,柑橘调
摩洛哥苦艾,1 ,青香调
摩洛哥玫瑰,6 ,花香调
摩洛哥皮革,1 ,皮革香调
摩洛哥葡萄柚花,1 ,花香调
摩洛哥西洋杉木,2 ,木质香调
摩洛哥雪松,1 ,木质香调
摩洛哥鸢尾花脂,1 ,花香调
抹茶,4 ,青香调
茉莉,409 ,花香调
茉莉纯香精油,3 ,花香调
茉莉花,115 ,花香调
茉莉花瓣,15 ,花香调
茉莉花茶,9 ,花香调
茉莉花萃取,1 ,花香调
茉莉花精粹,2 ,花香调
茉莉花蕊精萃,2 ,花香调
茉莉花香,2 ,花香调
茉莉花叶,1 ,花香调
茉莉精萃,1 ,花香调
茉莉精粹,1 ,花香调
茉莉精华,2 ,花香调
莫吉托,1 ,柑橘调
莫诺伊油,1 ,概念性
莫希托调酒,1 ,美食香调
墨角兰,1 ,青香调
墨西哥橘子,1 ,柑橘调
墨西哥莱姆,3 ,柑橘调
墨西哥香草,1 ,美食香调
牡丹,112 ,花香调
牡丹花,16 ,花香调
牡丹花瓣,2 ,花香调
牡丹花露,1 ,花香调
牡丹精华,1 ,花香调
木瓜,6 ,果香调
木瓜花,1 ,花香调
木槿,3 ,花香调
木槿花蜜,1 ,花香调
木兰,33 ,花香调
木兰。茉莉,1 ,花香调
木兰花,39 ,花香调
木兰花办,1 ,花香调
木梨,1 ,果香调
木莲花,2 ,花香调
木莓,2 ,果香调
木霉木,2 ,木质香调
木棉花,1 ,花香调
木绒,3 ,木质香调
木炭,2 ,木质香调
木头,1 ,木质香调
木犀兰,3 ,花香调
木犀属,1 ,木质香调
木香,11 ,木质香调
木质,8 ,木质香调
木质调,42 ,木质香调
木质调',1 ,木质香调
木质调搭配清新自然的香草精华,1 ,木质香调
木质琥珀,1 ,木质香调
木质麝香,1 ,麝香调
木质檀香,1 ,木质香调
木质味,1 ,木质香调
木质香,16 ,木质香调
木质香气,1 ,木质香调
木质辛香料,1 ,木质香调
木质元素,12 ,木质香调
苜蓿嫩芽,1 ,青香调
奶香芒果,1 ,果香调
奶油,6 ,美食香调
奶油蛋卷,1 ,美食香调
奶油木,3 ,木质香调
奶油麝香,4 ,麝香调
奶油香草,2 ,美食香调
奶油香木,1 ,木质香调
奶油椰子,1 ,美食香调
奈若利橙花,5 ,花香调
南非布枯叶,2 ,青香调
南瓜,3 ,美食香调
南美红椒,1 ,辛香调
南欧丹参,3 ,青香调
嫩绿芳香,2 ,青香调
尼罗河睡莲,3 ,花香调
尼泊尔蔓越莓,2 ,果香调
尼旺岛香草,1 ,美食香调
泥土,2 ,青香调
泥土气息,1 ,青香调
霓虹琥珀,1 ,东方调
柠檬,241 ,柑橘调
柠檬，西柚,2 ,柑橘调
柠檬冰沙,1 ,柑橘调
柠檬草,3 ,柑橘调
柠檬花,4 ,柑橘调
柠檬精油,1 ,柑橘调
柠檬马鞭草,3 ,柑橘调
柠檬玫瑰,2 ,花香调
柠檬皮,7 ,柑橘调
柠檬醛,2 ,醛香调
柠檬树花苞,1 ,花香调
柠檬香料,1 ,柑橘调
柠檬油,3 ,柑橘调
柠檬汁,1 ,果香调
牛奶,3 ,美食香调
牛奶慕斯,2 ,美食香调
牛奶巧克力,1 ,美食香调
暖阳调,1 ,概念性
暖阳麝香,1 ,麝香调
欧铃兰,1 ,花香调
帕尔玛紫罗兰,1 ,花香调
攀藤依兰依兰,1 ,花香调
旁波香草,1 ,美食香调
泡泡糖,1 ,美食香调
蓬莱花,2 ,花香调
皮革,115 ,皮革香调
皮革调,3 ,皮革香调
皮革基,1 ,皮革香调
皮革木,1 ,皮革香调
皮革香,1 ,皮革香调
漂流木,7 ,木质香调
苹果,77 ,果香调
苹果花,9 ,花香调
苹果精华,2 ,果香调
苹果马丁尼,1 ,果香调
苹果木,2 ,果香调
苹果派,2 ,美食香调
苹果麝香,1 ,果香调
苹果树,1 ,木质香调
苹果叶,3 ,青香调
苹果汁,1 ,果香调
苹果籽精粹,1 ,果香调
桲,1 ,果香调
菩提花,1 ,花香调
菩提树,1 ,木质香调
菩提树花,1 ,花香调
葡萄,2 ,果香调
葡萄酒渣,2 ,美食香调
葡萄皮,1 ,果香调
葡萄柚,144 ,柑橘调
葡萄柚花,2 ,柑橘调
葡萄柚精华,2 ,果香调
葡萄柚皮,2 ,果香调
普罗旺斯刺槐,1 ,花香调
普罗旺斯含羞草,2 ,花香调
七里香),1 ,花香调
奇斐,1 ,木质香调
奇瓦诺果,1 ,果香调
奇异果,5 ,果香调
气泡香槟,1 ,美食香调
千金子藤茉莉,2 ,花香调
千叶玫瑰,4 ,花香调
千叶玫瑰精华,2 ,花香调
千叶玫瑰净油,1 ,花香调
浅粉玫瑰,3 ,花香调
茜草,1 ,花香调
强烈的撒旦玫瑰,1 ,花香调
蔷薇,2 ,花香调
蔷薇叶,2 ,青香调
乔治木,2 ,木质香调
乔治亚木,1 ,木质香调
荞麦花,1 ,花香调
巧克力,4 ,美食香调
巧克力糖浆,1 ,美食香调
琴酒,2 ,馥奇调
沁凉铃兰,2 ,花香调
青草,5 ,青香调
青草调,1 ,青香调
青草味,1 ,青香调
青草香,2 ,青香调
青翠绿味,1 ,青香调
青翠绿叶,2 ,青香调
青柑,5 ,柑橘调
青柑橘,6 ,柑橘调
青姜,2 ,青香调
青椒,1 ,辛香调
青橘,5 ,柑橘调
青梨,2 ,果香调
青绿扁桃仁,1 ,果香调
青绿苔藓,1 ,青香调
青茉莉,1 ,花香调
青柠,12 ,柑橘调
青柠苹果,1 ,果香调
青苹果,40 ,果香调
青苔,8 ,青香调
青甜橙,1 ,果香调
青香,1 ,青香调
青香蕉,1 ,果香调
清澈矿物,1 ,矿物调
清姜,2 ,青香调
清酒,1 ,花香调
清酒调,2 ,概念性
清木香,1 ,木质香调
清柔粉香,1 ,粉香调
清水,1 ,海洋调
清新瓜香,2 ,青香调
清新空气,3 ,概念性
清新木香,2 ,木质香调
清新木质调,1 ,木质香调
清新山林,1 ,青香调
秋葵籽,2 ,青香调
醛,15 ,醛香调
醛类,5 ,醛香调
醛香,8 ,醛香调
却洛奇玫瑰,2 ,花香调
热带白花香,1 ,花香调
热带荔枝,1 ,果香调
热带水果,2 ,果香调
人手采摘茉莉花,1 ,花香调
忍冬,22 ,花香调
忍冬花,5 ,花香调
忍冬花蜜,1 ,美食香调
日本白蕨,2 ,青香调
日本梨香,1 ,果香调
日本蜜柚,1 ,果香调
日本柠檬,2 ,柑橘调
日本香橙,1 ,柑橘调
日本樱花,2 ,花香调
日本柚,1 ,柑橘调
日本柚子,1 ,柑橘调
绒,2 ,琥珀调
绒布皮,1 ,皮革香调
绒面革,12 ,皮革香调
绒面皮革香,2 ,皮革香调
柔和粉末,1 ,粉香调
柔和木香,2 ,木质香调
柔润麝香,1 ,麝香调
肉豆蔻,41 ,辛香调
肉豆蔻核仁,1 ,辛香调
肉豆蔻油,1 ,辛香调
肉荳蔻,53 ,辛香调
肉荳蔻核仁,6 ,辛香调
肉桂,87 ,辛香调
肉桂精,1 ,辛香调
肉桂皮,7 ,辛香调
肉桂树,4 ,木质香调
肉桂叶,5 ,辛香调
肉桂油,2 ,辛香调
乳檀木,1 ,木质香调
乳香,68 ,东方调
乳香精油,1 ,木质香调
乳香木,1 ,木质香调
乳香树脂,1 ,木质香调
乳香脂,2 ,东方调
乳脂麂皮,1 ,皮革香调
乳脂麝香,1 ,麝香调
软木,1 ,木质香调
软皮革,1 ,皮革香调
软麝香,1 ,麝香调
萨布兰加木兰花,1 ,花香调
塞维尔苦橙,3 ,柑橘调
三叶草,6 ,青香调
桑椹,1 ,果香调
森巴茉莉,2 ,花香调
沙巴茉莉,24 ,花香调
沙梨,1 ,果香调
沙漠百合,2 ,花香调
沙漠茉莉,2 ,花香调
沙滩,2 ,海洋调
砂糖兰,1 ,花香调
莎草,7 ,青香调
莎草木,2 ,木质香调
山艾,1 ,青香调
山苍树,1 ,柑橘调
山茶花,9 ,花香调
山调,1 ,青香调
山谷百合,11 ,花香调
山荷叶花?,2 ,花香调
山胡椒,3 ,辛香调
山鸡椒,3 ,辛香调
山间空气,1 ,概念性
山梨,1 ,果香调
山桃,2 ,果香调
山楂,5 ,花香调
杉木,3 ,木质香调
杉木树脂,1 ,树脂调
芍药,2 ,花香调
麝猫香,2 ,麝香调
麝香,728 ,麝香调
麝香草,1 ,麝香调
麝香琥珀,1 ,麝香调
麝香花,2 ,麝香调
麝香花蜜,1 ,麝香调
麝香黄葵子,1 ,麝香调
麝香黄葵籽,2 ,麝香调
麝香结晶,2 ,麝香调
麝香锦葵,13 ,花香调
麝香精华,1 ,麝香调
麝香棉花糖,1 ,麝香调
麝香木,2 ,木质香调
麝香木质调,1 ,麝香调
麝香三重奏,2 ,麝香调
麝香原精,1 ,麝香调
神秘果,3 ,果香调
神奇麝香,1 ,麝香调
沈香,5 ,木质香调
沈香木,1 ,木质香调
生姜,79 ,辛香调
生姜胡椒,1 ,辛香调
生姜提取物,2 ,辛香调
圣路加木,1 ,木质香调
圣母百合,3 ,花香调
圣木,2 ,木质香调
湿土,2 ,青香调
湿叶香,1 ,青香调
石榴,22 ,果香调
石榴花,1 ,花香调
石榴之心,1 ,果香调
石玫瑰香胶,1 ,花香调
石松,1 ,青香调
石蒜,2 ,花香调
石竹,2 ,花香调
使君子,6 ,花香调
柿子,6 ,果香调
释迦,1 ,果香调
手指香檬,2 ,柑橘调
熟桃李,1 ,果香调
鼠尾草,128 ,青香调
鼠尾草花,1 ,青香调
鼠尾草属植物,1 ,青香调
鼠尾草油,1 ,青香调
树莓,2 ,果香调
树木,2 ,木质香调
树苔,2 ,青香调
树汁,2 ,琥珀调
树脂,14 ,东方调
树脂木,1 ,木质香调
双办茉莉,2 ,花香调
双瓣茉莉,13 ,花香调
双瓣茉莉精萃,2 ,花香调
霜冻豆蔻,1 ,辛香调
霜叶,1 ,青香调
水,1 ,概念性
水百合,3 ,花香调
水感因子,1 ,概念性
水感元素,2 ,海洋调
水耕山艾,1 ,青香调
水果,2 ,果香调
水果调,1 ,果香调
水果鸡尾酒,2 ,果香调
水果味,1 ,果香调
水果香,1 ,果香调
水果元素,1 ,果香调
水琥珀,1 ,东方调
水晶琥珀,2 ,琥珀调
水晶梨,2 ,果香调
水晶玫瑰,2 ,花香调
水晶青苔,2 ,青香调
水晶麝香,5 ,麝香调
水晶树苔,1 ,青香调
水晶苔藓,3 ,柑苔香调
水梨,13 ,果香调
水梨花,1 ,果香调
水莲,2 ,花香调
水莲花,2 ,花香调
水露莲花,1 ,花香调
水蜜桃,10 ,果香调
水蜜桃贝里尼酒,1 ,果香调
水茉莉,6 ,花香调
水生薄荷,5 ,青香调
水生调,3 ,海洋调
水生气息,3 ,海洋调
水生香气,1 ,海洋调
水生植物,1 ,海洋调
水仙,21 ,花香调
水仙百合,1 ,花香调
水仙花,10 ,花香调
水绣球,1 ,花香调
水鸢尾,1 ,花香调
水元素,6 ,概念性
水中茉莉,1 ,花香调
睡莲,33 ,花香调
睡莲萃取,2 ,花香调
睡莲叶,2 ,花香调
丝柏,24 ,木质香调
丝柏木,7 ,木质香调
丝柏树,3 ,木质香调
丝绸木材,1 ,木质香调
丝绸麝香,1 ,麝香调
丝绒麝香鸡尾酒,1 ,麝香调
丝树花,1 ,花香调
丝尤花,1 ,花香调
斯里兰卡红茶,2 ,美食香调
斯里兰卡肉桂,1 ,辛香调
四川胡椒,6 ,辛香调
四川花椒,11 ,辛香调
四季橘,1 ,果香调
松果,2 ,木质香调
松露,4 ,美食香调
松木,3 ,木质香调
松木香脂,2 ,木质香调
松苹果,1 ,果香调
松树,4 ,木质香调
松树针,1 ,木质香调
松香,3 ,木质香调
松叶,1 ,木质香调
松针,6 ,馥奇调
苏合,2 ,木质香调
苏合香,3 ,木质香调
素馨花,2 ,花香调
酸橙,9 ,柑橘调
酸橙花,1 ,花香调
酸樱桃糖浆,2 ,美食香调
碎冰,1 ,概念性
苔藓,58 ,柑苔香调
苔藓调,2 ,青香调
太妃糖,5 ,柑苔香调
太平洋阵雨,2 ,海洋调
太阳笔记,1 ,概念性
太阳木,3 ,木质香调
泰国八角茴香,2 ,辛香调
檀木,75 ,木质香调
檀木香,8 ,木质香调
檀香,371 ,木质香调
檀香。,1 ,木质香调
檀香沉香木,1 ,木质香调
檀香和琥珀香,2 ,木质香调
檀香和木质调,1 ,木质香调
檀香精华,2 ,木质香调
檀香木,90 ,木质香调
檀香木乳香,1 ,木质香调
檀香脂,1 ,木质香调
糖,2 ,美食香调
糖果,1 ,美食香调
糖花瓣,1 ,花香调
糖渍柑橘,2 ,果香调
糖渍姜,3 ,美食香调
糖渍玫瑰,2 ,花香调
糖渍柠檬,2 ,美食香调
糖渍苔藓,1 ,青香调
桃,10 ,果香调
桃花,10 ,花香调
桃花蜜,1 ,美食香调
桃花木,6 ,木质香调
桃花心木,11 ,木质香调
桃金娘,4 ,馥奇调
桃木,1 ,木质香调
桃皮,1 ,果香调
桃香,1 ,果香调
桃子,34 ,果香调
桃子花蜜,1 ,果香调
提拉米苏,1 ,美食香调
提亚蕾花,1 ,花香调
天鹅绒,1 ,粉香调
天鹅绒麝香,1 ,麝香调
天鹅绒鸢尾草,2 ,花香调
天芥,4 ,花香调
天芥菜,32 ,花香调
天芥菜花,1 ,花香调
天葵子,1 ,花香调
天然琥珀,1 ,东方调
天然琥珀结晶,2 ,东方调
天然莱姆酒,1 ,果香调
天然树脂,1 ,木质香调
天竺,2 ,花香调
天竺薄荷,2 ,青香调
天竺葵,180 ,馥奇调
天竺葵精油,2 ,花香调
天竺葵叶,2 ,青香调
甜橙,10 ,柑橘调
甜瓜,10 ,果香调
甜瓜果香,1 ,果香调
甜茴香,1 ,辛香调
甜椒,8 ,辛香调
甜橘,2 ,柑橘调
甜橘花苞,1 ,果香调
甜没药树脂,2 ,东方调
甜奶布丁,1 ,美食香调
甜柠檬,2 ,柑橘调
甜苹果,1 ,果香调
甜麝香,3 ,麝香调
甜桃,4 ,果香调
甜豌豆,14 ,花香调
甜杏仁,3 ,美食香调
甜枣,1 ,果香调
铁木,1 ,木质香调
透明琥珀,4 ,木质香调
透明麝香,2 ,麝香调
突尼斯橙花,1 ,花香调
突尼西亚橙花,1 ,花香调
突尼西亚橙花醇,1 ,花香调
突尼西亚橙花精油,2 ,花香调
土耳其玫瑰,44 ,花香调
土耳其玫瑰花瓣,1 ,花香调
土耳其玫瑰精油,1 ,花香调
土耳其玫瑰水,2 ,花香调
土耳其甜梨,2 ,果香调
土耳其小豆蔻,4 ,辛香调
吐鲁香脂,2 ,木质香调
托鲁香脂,1 ,树脂调
托斯卡尼罗勒,1 ,青香调
妥鲁香胶,1 ,木质香调
妥鲁香脂,1 ,东方调
晚仑夏橙,2 ,柑橘调
晚香玉,95 ,花香调
晚玉香,3 ,花香调
万寿菊,7 ,花香调
危地马拉荳蔻,1 ,辛香调
威廉梨,3 ,果香调
威士忌,1 ,木质香调
维吉尼亚雪松,5 ,木质香调
维提味香草,1 ,美食香调
苿莉,1 ,花香调
苿莉花,1 ,花香调
温暖蜂蜜,1 ,美食香调
榅桲,3 ,果香调
文旦,1 ,果香调
文心兰香,1 ,花香调
乌龙,1 ,概念性
乌龙茶,2 ,青香调
乌梅,1 ,果香调
乌木,19 ,木质香调
无花果,31 ,果香调
无花果蜜,2 ,果香调
无花果木,1 ,木质香调
无花果乳,1 ,美食香调
无花果树,2 ,青香调
无花果叶,14 ,青香调
五月玫瑰,10 ,花香调
午夜兰花,2 ,花香调
午夜紫罗兰,1 ,花香调
勿忘花,2 ,花香调
西阿拉黄檀木,2 ,木质香调
西班牙橙花,1 ,花香调
西班牙辣椒,2 ,辛香调
西班牙马郁兰,1 ,辛香调
西班牙柠檬,2 ,柑橘调
西班牙小柑橘,1 ,柑橘调
西班牙油桃,2 ,果香调
西伯利亚冷杉精油,1 ,木质香调
西伯利亚松针,1 ,青香调
西番莲,1 ,花香调
西番莲果,1 ,果香调
西蕃莲,1 ,果香调
西瓜,12 ,果香调
西瓜冰沙,2 ,果香调
西瓜酮,1 ,果香调
西里柠檬,2 ,柑橘调
西杉木,3 ,木质香调
西西里岛柑橘,3 ,柑橘调
西西里岛莱姆,2 ,柑橘调
西西里岛曼德林精油,1 ,柑橘调
西西里岛柠檬,3 ,柑橘调
西西里岛柠檬叶,3 ,青香调
西西里佛手柑,2 ,柑橘调
西西里柑橘,11 ,柑橘调
西西里橘子,1 ,柑橘调
西西里柠檬,16 ,柑橘调
西西里酸橙,2 ,柑橘调
西洋梨,34 ,果香调
西洋杉,22 ,木质香调
西洋杉木,2 ,木质香调
西洋杉针叶,3 ,木质香调
西印度罗望子叶,1 ,青香调
西柚,3 ,柑橘调
希丹,1 ,花香调
希蒂莺,4 ,概念性
希腊薰衣草,1 ,花香调
矽石,1 ,矿物调
稀珍檀木,2 ,木质香调
锡兰茶,3 ,概念性
锡兰豆蔻,1 ,辛香调
锡兰肉桂,1 ,辛香调
喜马拉雅柏木,2 ,木质香调
喜马拉雅山脉雪松,3 ,木质香调
喜马拉雅雪松,4 ,木质香调
夏蜡梅,1 ,花香调
夏威夷大茉莉,1 ,花香调
仙客来,12 ,花香调
仙人掌,5 ,青香调
仙楂果,1 ,果香调
鲜百合,1 ,花香调
鲜橙,5 ,果香调
鲜果,1 ,果香调
鲜花,1 ,花香调
鲜黄瓜,2 ,青香调
鲜橘,2 ,柑橘调
鲜绿柑橘,2 ,柑橘调
鲜奶油,3 ,美食香调
鲜嫩蜜桃,1 ,果香调
鲜柚,1 ,果香调
暹罗安息香,5 ,木质香调
暹逻(泰国)安息香,1 ,木质香调
咸奶油软糖,1 ,美食香调
咸无花果,1 ,美食香调
相思花蜜,1 ,花香调
香艾菊,2 ,青香调
香柏,8 ,木质香调
香柏木,10 ,木质香调
香槟,3 ,果香调
香槟酒,2 ,美食香调
香菜,34 ,青香调
香菜花,1 ,青香调
香菜子,2 ,青香调
香菜籽,2 ,辛香调
香草,436 ,东方调
香草?,1 ,美食香调
香草冰淇淋,2 ,美食香调
香草豆,8 ,美食香调
香草根,2 ,东方调
香草花,2 ,花香调
香草荚,1 ,美食香调
香草浸泡液,1 ,美食香调
香草精,3 ,美食香调
香草精粹,2 ,东方调
香草精华,1 ,美食香调
香草精油,4 ,美食香调
香草兰,11 ,美食香调
香草兰花,8 ,花香调
香草灵药,2 ,东方调
香草马达加斯加,1 ,美食香调
香草木,1 ,木质香调
香草舒芙蕾,1 ,美食香调
香草叶,1 ,青香调
香草鱼子酱,4 ,美食香调
香草脂,1 ,美食香调
香橙,10 ,柑橘调
香橙花,6 ,花香调
香橙树叶,1 ,青香调
香醋,1 ,美食香调
香豆,2 ,美食香调
香豆精,1 ,木质香调
香豆素,3 ,东方调
香附子,3 ,青香调
香根,5 ,木质香调
香根草,288 ,木质香调
香根草根,1 ,木质香调
香根草精油,2 ,木质香调
香根草与零陵香豆,1 ,木质香调
香根皮革,1 ,皮革香调
香瓜,2 ,果香调
香荚兰,2 ,美食香调
香蕉花,3 ,花香调
香葵,3 ,花香调
香葵籽,1 ,辛香调
香梨,4 ,果香调
香梨果?,2 ,果香调
香料,5 ,辛香调
香料叶,2 ,辛香调
香萝兰,1 ,花香调
香米,1 ,美食香调
香木,3 ,木质香调
香木缘,4 ,柑橘调
香柠檬,59 ,柑橘调
香芹籽,4 ,青香调
香芹籽和胡椒;胡椒,1 ,辛香调
香芹籽苦橙,1 ,柑橘调
香树膏冷杉,1 ,木质香调
香树脂,1 ,树脂调
香水百合,2 ,花香调
香水草,2 ,花香调
香水草花,2 ,花香调
香水树,2 ,花香调
香桃,2 ,果香调
香辛料系元素,1 ,辛香调
香雪兰,2 ,花香调
香薰,1 ,花香调
香薰草,1 ,青香调
香叶蔷薇,2 ,花香调
香油树,2 ,木质香调
香油树香,2 ,木质香调
香柚,1 ,果香调
香橼,12 ,柑橘调
香橼树,1 ,柑橘调
香皂,1 ,概念性
香脂,9 ,东方调
香脂冷杉,3 ,木质香调
香子兰,5 ,美食香调
香子兰荚,2 ,东方调
香子兰野玫瑰,1 ,花香调
向日葵,2 ,花香调
象牙海岸柑橘,1 ,柑橘调
橡木,21 ,木质香调
橡木精华,1 ,木质香调
橡木霉,2 ,木质香调
橡木苔,30 ,柑苔香调
橡木苔藓,3 ,青香调
橡树,7 ,木质香调
橡树苔,22 ,青香调
橡树苔藓,3 ,柑苔香调
橡树叶,2 ,青香调
橡苔,59 ,木质香调
橡苔调,1 ,苔藓调
橡苔香草,1 ,柑苔香调
小苍兰,105 ,花香调
小苍兰花瓣,1 ,花香调
小雏菊,1 ,花香调
小豆寇香,1 ,辛香调
小豆蔻,21 ,辛香调
小荳蔻,107 ,辛香调
小荳蔻精粹,1 ,辛香调
小荳蔻鼠尾草,2 ,辛香调
小柑橘,3 ,柑橘调
小谷粒,2 ,美食香调
小谷物油,1 ,美食香调
小红莓,5 ,果香调
小花茉莉,2 ,花香调
小黄瓜,5 ,青香调
小茴香,14 ,辛香调
小茴香籽,1 ,辛香调
小粒谷物,2 ,美食香调
小麦,1 ,美食香调
小茉莉,2 ,花香调
小山羊皮,2 ,皮革香调
小羊皮,2 ,皮革香调
缬草,4 ,青香调
缬草花,2 ,花香调
辛辣,1 ,辛香调
辛辣调,3 ,辛香调
辛辣果香元素,1 ,辛香调
辛辣木香,1 ,辛香调
辛香,1 ,辛香调
辛香料,14 ,辛香调
新鲜凤梨,3 ,果香调
新鲜柑橘,1 ,柑橘调
新鲜黑胡椒,1 ,辛香调
新鲜芒果,1 ,果香调
新鲜奶油,1 ,美食香调
新鲜葡萄柚,4 ,柑橘调
新鲜水果,1 ,果香调
新鲜小柑橘,1 ,柑橘调
新鲜雨滴味,1 ,海洋调
星辰花,1 ,花香调
星辰茉莉,2 ,花香调
星茴,1 ,辛香调
星木兰,3 ,花香调
星玉兰,2 ,花香调
杏,6 ,果香调
杏花,2 ,花香调
杏花蜜,1 ,花香调
杏仁,32 ,美食香调
杏仁花,3 ,花香调
杏仁茉莉,2 ,花香调
杏仁木,1 ,木质香调
杏仁奶,4 ,美食香调
杏仁奶油,3 ,美食香调
杏仁牛奶,5 ,美食香调
杏仁糖,2 ,美食香调
杏仁油,1 ,美食香调
杏仁状水草,1 ,青香调
杏树,2 ,木质香调
杏桃,11 ,果香调
杏桃花,1 ,果香调
杏子,3 ,果香调
性感木质,1 ,木质香调
性感木质香,4 ,木质香调
性感气息,1 ,麝香调
性感麝香,2 ,麝香调
悬钩子花,1 ,花香调
雪纺香草,1 ,东方调
雪松,496 ,木质香调
雪松。,1 ,木质香调
雪松﹑檀香﹑白麝香,2 ,木质香调
雪松精华,1 ,木质香调
雪松精油,2 ,木质香调
雪松木,58 ,木质香调
雪松叶,8 ,馥奇调
雪松针,2 ,木质香调
雪松之心,1 ,木质香调
血橙,34 ,柑橘调
血柑橘,1 ,柑橘调
熏香,5 ,木质香调
薰草,1 ,青香调
薰草豆,16 ,东方调
薰木,1 ,木质香调
薰香,23 ,东方调
薰香脂,1 ,木质香调
薰衣草,292 ,馥奇调
薰衣草油,1 ,花香调
鸦片花,1 ,花香调
牙买加阿米香树,2 ,木质香调
牙买加胡椒,1 ,辛香调
牙买加姜,1 ,辛香调
牙买加椒花,1 ,辛香调
牙买加水果Nesberry,3 ,果香调
牙买佳胡椒,2 ,辛香调
雅阁铜皮,2 ,木质香调
雅阁小苍兰,1 ,花香调
亚基戛纳木,2 ,木质香调
亚麻花,1 ,花香调
亚麻金木材,1 ,木质香调
亚洲薄荷,2 ,青香调
亚洲黄橙,2 ,果香调
胭脂牡丹,2 ,花香调
烟,2 ,烟草香调
烟草,44 ,烟草香调
烟草花,2 ,烟草香调
烟草叶,5 ,烟草香调
烟草原精,1 ,烟草香调
烟熏皮革调,1 ,皮革香调
烟熏乳香,1 ,树脂调
烟熏橡木,2 ,木质香调
烟熏烟草,3 ,烟草香调
烟叶,11 ,烟草香调
芫荽,28 ,辛香调
芫荽籽,2 ,辛香调
岩草兰,2 ,青香调
岩兰草,42 ,青香调
岩兰草精油,4 ,木质香调
岩兰草之心,1 ,木质香调
岩玫瑰,9 ,木质香调
岩蔷薇,16 ,木质香调
岩石,3 ,概念性
盐,7 ,概念性
盐角草,3 ,海洋调
盐晶,1 ,矿物调
羊绒,3 ,粉香调
羊绒花,1 ,花香调
羊绒木,12 ,木质香调
羊绒麝香,1 ,麝香调
杨梅,1 ,果香调
杨桃,5 ,果香调
洋甘菊,13 ,馥奇调
洋梨,8 ,果香调
洋梨树叶,1 ,青香调
洋梨雪泥,2 ,果香调
洋李,1 ,果香调
洋梅,1 ,果香调
洋香瓜,1 ,果香调
洋玉兰,1 ,花香调
氧化玫瑰,1 ,花香调
氧气,2 ,概念性
椰奶,11 ,果香调
椰枣,1 ,美食香调
椰子,33 ,果香调
椰子兰花,1 ,花香调
椰子木,3 ,木质香调
椰子水,13 ,果香调
椰子汁,2 ,果香调
椰棕,1 ,木质香调
野百合,8 ,花香调
野薄荷,1 ,青香调
野草莓,7 ,果香调
野胡椒,1 ,辛香调
野姜百合,1 ,花香调
野姜花,5 ,花香调
野兰花,1 ,花香调
野马郁兰,2 ,青香调
野玫瑰,10 ,花香调
野莓,8 ,果香调
野茉莉,2 ,花香调
野蔷薇,6 ,花香调
野生薄荷,1 ,青香调
野生草莓,5 ,果香调
野生黑莓,3 ,果香调
野生红草莓,1 ,果香调
野生浆果,2 ,果香调
野生玫瑰,2 ,花香调
野生莓果,2 ,果香调
野生迷迭香,2 ,青香调
野生山楂,3 ,果香调
野生晚香玉,1 ,花香调
野石南,2 ,花香调
夜来香,17 ,花香调
夜茉莉,4 ,花香调
夜松,2 ,木质香调
夜香茉莉,1 ,花香调
液态琥珀,1 ,东方调
伊兰,2 ,花香调
伊兰花,1 ,花香调
伊兰树,3 ,花香调
伊兰伊兰,8 ,花香调
依兰,49 ,花香调
依兰花,1 ,花香调
依兰树,1 ,花香调
依兰香,1 ,花香调
依兰依兰,30 ,花香调
乙醛,5 ,醛香调
乙酸香根草酯,3 ,木质香调
义大利柏树,1 ,木质香调
义大利佛手柑,28 ,柑橘调
义大利佛手柑香油,1 ,柑橘调
义大利柑橘,10 ,柑橘调
义大利柑橘精油,4 ,柑橘调
义大利柑橘皮,3 ,柑橘调
义大利柑橘香精,3 ,果香调
义大利柑橘油,1 ,柑橘调
义大利苦橙叶,2 ,柑橘调
义大利苦酒,1 ,辛香调
义大利莱姆,3 ,柑橘调
义大利绿柑橘,1 ,柑橘调
义大利柠檬,12 ,柑橘调
义大利柠檬精油,1 ,柑橘调
义大利柠檬甜酒,1 ,美食香调
义大利青檬,1 ,柑橘调
义大利青柠,1 ,柑橘调
义大利甜橙,2 ,柑橘调
义大利甜柑橘,2 ,柑橘调
义大利鸢尾根,1 ,花香调
义式拿波里派,1 ,美食香调
义式奶酪,1 ,美食香调
异国香料,2 ,东方调
异国辛香香料,1 ,辛香调
意大利香柠檬,1 ,柑橘调
银椴树,1 ,木质香调
银剑花,1 ,花香调
银冷杉精油,1 ,木质香调
银色艾草,1 ,青香调
银杉,2 ,木质香调
银苔,1 ,青香调
银杏,1 ,木质香调
印度藏茴香,1 ,辛香调
印度产香根草,1 ,木质香调
印度番红花,1 ,辛香调
印度广藿香,1 ,木质香调
印度红茶,1 ,美食香调
印度九里香,1 ,木质香调
印度茉莉,6 ,花香调
印度肉豆蔻,2 ,辛香调
印度珊瑚茉莉,1 ,花香调
印度酸橙,1 ,柑橘调
印度檀香,6 ,木质香调
印度檀香木,1 ,木质香调
印度晚香玉,7 ,花香调
印度香米,1 ,美食香调
印蒿,4 ,果香调
印尼广藿,1 ,木质香调
印尼广藿香,16 ,木质香调
印尼广藿香叶,1 ,木质香调
印尼肉荳蔻,2 ,辛香调
英格兰薄荷,3 ,青香调
英国伯爵茶,1 ,柑橘调
英国蔷薇,2 ,花香调
罂粟,2 ,花香调
罂粟花,3 ,花香调
樱草,1 ,花香调
樱草属植物,4 ,花香调
樱花,10 ,花香调
樱桃,14 ,果香调
樱桃甜酒,2 ,果香调
优雅的摩洛哥千叶玫瑰,1 ,花香调
幽谷百合,2 ,花香调
尤加利,7 ,青香调
尤加利果,1 ,青香调
尤加利树,1 ,青香调
油桃,10 ,果香调
有机柑橘,3 ,柑橘调
有机橘子,2 ,柑橘调
柚果实,1 ,果香调
柚木,6 ,木质香调
柚子,46 ,柑橘调
柚子木,2 ,木质香调
柚子叶,1 ,青香调
釉瓣,1 ,花香调
雨水﹑紫丁香,2 ,花香调
玉唇兰,1 ,花香调
玉兰,9 ,花香调
玉兰花,16 ,花香调
玉青苹果,1 ,果香调
玉坛木,2 ,木质香调
郁金香,3 ,花香调
愈苍木,1 ,木质香调
愈疮木,4 ,木质香调
愈创木,31 ,木质香调
愈创木精油,3 ,木质香调
愈伤草,1 ,青香调
鸢尾,47 ,花香调
鸢尾草,30 ,青香调
鸢尾草根,1 ,木质香调
鸢尾草奶油,1 ,美食香调
鸢尾根,18 ,木质香调
鸢尾花,106 ,花香调
鸢尾花蕾,1 ,花香调
鸢尾精粹,2 ,花香调
鸢尾科植物,1 ,花香调
鸢尾兰,3 ,花香调
鸢尾木,2 ,木质香调
鸢尾凝脂,2 ,花香调
鸢尾香根,1 ,花香调
原野花香,1 ,花香调
圆柏,2 ,木质香调
圆柏浆果,1 ,果香调
约书亚树,3 ,木质香调
月光花,3 ,花香调
月桂,4 ,辛香调
月桂树,1 ,馥奇调
月桂叶,9 ,青香调
月下香,5 ,花香调
越橘,1 ,果香调
越橘及,1 ,果香调
越南沉香,1 ,木质香调
云莓,1 ,果香调
云南滇红,1 ,木质香调
云南胡椒,1 ,辛香调
云杉,1 ,馥奇调
蕴桃,1 ,果香调
杂粮,1 ,美食香调
再生麝香,1 ,麝香调
枣子,1 ,果香调
沾露绿叶,2 ,青香调
樟脑,1 ,馥奇调
长春藤,1 ,青香调
长春藤叶,1 ,青香调
长青橡木,2 ,木质香调
爪哇和海地的香根草,3 ,木质香调
爪哇柠檬,1 ,柑橘调
爪哇香根草,3 ,木质香调
爪哇香根草油,1 ,木质香调
珍贵木材,1 ,木质香调
珍贵木质香,2 ,木质香调
珍木,9 ,木质香调
珍稀萃取玫瑰花瓣,1 ,花香调
榛果,4 ,果香调
榛果奶油基调,1 ,美食香调
榛果叶,1 ,青香调
汁芽精油,1 ,青香调
芝麻,3 ,美食香调
栀子,1 ,花香调
栀子花,59 ,花香调
栀子花办,2 ,花香调
栀子花瓣,2 ,花香调
蜘蛛百合,1 ,花香调
蜘蛛兰,1 ,花香调
植物露珠,1 ,青香调
纸莎草,26 ,木质香调
中国柏树,3 ,木质香调
中国粉红牡丹,1 ,花香调
中国柑桔,4 ,柑橘调
中国柑橘,3 ,柑橘调
中国桂花,3 ,花香调
中国牡丹,1 ,花香调
朱槿花,1 ,花香调
朱槿种子,1 ,花香调
竹叶,3 ,青香调
竹子,11 ,青香调
专利配方AMBERTONIC?,2 ,木质香调
孜然,1 ,辛香调
紫苍兰,1 ,花香调
紫丁香,10 ,花香调
紫兰花,2 ,花香调
紫罗兰,127 ,花香调
紫罗兰花瓣,1 ,花香调
紫罗兰木,1 ,木质香调
紫罗兰苹果,2 ,果香调
紫罗兰叶,72 ,青香调
紫萝兰,2 ,花香调
紫萝兰花,2 ,花香调
紫梅,1 ,果香调
紫牡丹,1 ,花香调
紫色小苍兰,4 ,花香调
紫色薰衣草,1 ,花香调
紫色亚麻花,2 ,花香调
紫色鸢尾花,3 ,花香调
紫苏,3 ,青香调
紫苏松脂,2 ,木质香调
紫苏叶,5 ,青香调
紫檀,6 ,木质香调
紫藤,6 ,花香调
紫藤花,5 ,花香调
紫薇花,1 ,花香调
紫叶精华,1 ,青香调
紫鸢尾花,1 ,花香调
综合花香,1 ,花香调
综合浆果,1 ,果香调
综合松柏木,2 ,木质香调
棕榈,2 ,木质香调
棕榈花,3 ,花香调
棕榈泉仙人掌,1 ,青香调
棕榈叶,3 ,青香调
醉鱼草,1 ,花香调
