note,count
麝香,721
佛手柑,599
雪松,486
广藿香,484
琥珀,442
香草,424
茉莉,406
檀香,361
橙花,323
柑橘,317
玫瑰,312
薰衣草,288
香根草,282
柠檬,241
粉红胡椒,222
天竺葵,178
白麝香,178
零陵香豆,141
葡萄柚,140
鼠尾草,128
龙涎香,128
紫罗兰,127
黑醋栗,114
皮革,113
茉莉花,113
牡丹,109
小荳蔻,106
铃兰,105
鸢尾花,103
小苍兰,101
薄荷,95
晚香玉,95
檀香木,89
黑胡椒,87
肉桂,84
安息香,84
荳蔻,83
生姜,79
苹果,76
檀木,74
紫罗兰叶,71
乳香,66
迷迭香,64
胡椒,58
栀子花,58
橡苔,58
琥珀木,58
苔藓,57
香柠檬,56
覆盆子,56
雪松木,56
肉荳蔻,53
苦橙,52
荔枝,52
凤梨,49
依兰,49
姜,47
鸢尾,47
柚子,46
苦橙叶,45
橘子,45
保加利亚玫瑰,45
烟草,44
喀什米尔木,44
土耳其玫瑰,43
焚香,42
木质调,42
莲花,42
藏红花,41
罗勒,41
杜松,41
肉豆蔻,41
岩兰草,41
青苹果,40
丁香,40
海洋调,39
蜂蜜,39
百合,38
木兰花,38
快乐鼠尾草,35
梨,35
含羞草,35
劳丹脂,35
大马士革玫瑰,35
香菜,34
桃子,34
血橙,33
梨子,33
木兰,33
椰子,33
西洋梨,33
海地香根草,33
东加豆,33
天芥菜,32
睡莲,32
李子,32
桂花,32
绿茶,32
无花果,31
杏仁,31
金银花,31
愈创木,31
橡木苔,30
杜松子,29
焦糖,29
依兰依兰,29
芫荽,28
鸢尾草,28
红醋栗,28
义大利佛手柑,27
兰花,27
降龙涎香醚,26
沉香,26
沙巴茉莉,25
咖啡,25
果仁糖,25
纸莎草,25
丝柏,24
康乃馨,24
黑加仑,24
薰香,23
榄香脂,23
番红花,23
粉红葡萄柚,23
石榴,22
西洋杉,22
柏树,21
小豆蔻,21
大黄,21
水仙,21
橡树苔,21
胡荽,20
忍冬,20
橡木,20
莱姆,19
橙,19
绿叶,19
白茶,19
可可,19
乌木,19
白琥珀,19
白松香,18
风信子,18
百香果,18
没药,18
鸢尾根,18
黄葵,17
顿加豆,17
龙涎香醚,17
红苹果,16
西西里柠檬,16
百里香,16
草莓,16
朗姆酒,16
覆盆莓,16
牡丹花,16
夜来香,16
玉兰花,16
岩蔷薇,16
印尼广藿香,16
薰草豆,16
荷花,15
黑莓,15
冷杉,15
白雪松,15
小茴香,14
辛香料,14
马鞭草,14
醛,14
树脂,14
柳橙,14
樱桃,14
甜豌豆,14
黄葵籽,14
茉莉花瓣,14
木质香,14
麂皮,14
卡拉布里亚佛手柑,13
无花果叶,13
当归,13
蜜桃,13
水梨,13
椰子水,13
洋甘菊,13
麝香锦葵,13
胡萝卜籽,13
柏木,13
双瓣茉莉,13
豆蔻,12
义大利柠檬,12
绒面革,12
青柠,12
西瓜,12
香橼,12
海盐,12
鸡蛋花,12
粉红牡丹,12
白桃,12
白牡丹,12
羊绒木,12
玫瑰花,12
黄金木,12
木质元素,12
西西里柑橘,11
茴香,11
玫瑰木,11
红茶,11
木香,11
桃花心木,11
椰奶,11
杏桃,11
橙花油,11
竹子,11
开心果,11
花梨木,11
四川花椒,11
山谷百合,11
白玫瑰,11
桦木,11
香草兰,11
马达加斯加香草,11
喀什米尔麝香,11
零陵香木,11
甜瓜,10
甜橙,10
水蜜桃,10
紫丁香,10
樱花,10
果香,10
油桃,10
桃,10
五月玫瑰,10
桃花,10
烟叶,10
仙客来,10
野玫瑰,10
香柏木,10
白木,10
水仙花,10
喀什米尔,10
海藻,9
酸橙,9
义大利柑橘,9
香橙,9
龙蒿,9
干果,9
月桂叶,9
茉莉花茶,9
玉兰,9
玫瑰花瓣,9
芒果,9
山茶花,9
苹果花,9
金合欢,9
槴子花,9
岩玫瑰,9
阿特拉斯雪松,9
香脂,9
棉花糖,9
白广藿香,9
珍木,9
Akigalawood,9
绿橘,8
八角茴香,8
艾蒿,8
雪松叶,8
檀木香,8
甘草,8
辣椒,8
橙花醇,8
白胡椒,8
香柏,8
木质,8
梨花,8
洋梨,8
红浆果,8
甜椒,8
野莓,8
伊兰伊兰,8
金盏花,8
白花,8
红玫瑰,8
醛香,8
玫瑰水,8
青苔,8
埃及茉莉,8
格拉斯玫瑰,8
野百合,8
香草豆,8
大吉岭茶,7
盐,7
柑桔,7
广霍香,7
金橘,7
金桔,7
绿薄荷,7
榄香,7
姜黄,7
万寿菊,7
肉桂皮,7
干邑白兰地,7
哈密瓜,7
野草莓,7
使君子,7
红糖,7
梅花,7
Petalia,7
苦杏仁,7
尤加利,7
百合花,7
栗子,7
弗吉尼亚雪松,7
棉花,7
香草兰花,7
印度晚香玉,7
沉香木,7
莎草,7
漂流木,7
橡树,7
秘鲁香脂,7
青柑橘,6
橙花精油,6
松针,6
肉荳蔻核仁,6
四川胡椒,6
黑醋栗芽,6
绿柑橘,6
兰姆酒,6
绿梨,6
柠檬皮,6
菠萝,6
丝柏木,6
水元素,6
木瓜,6
番石榴,6
艾草,6
薄荷叶,6
蜜橘,6
黑樱桃,6
三叶草,6
野蔷薇,6
杏,6
柿子,6
紫檀,6
紫藤,6
大溪地香草,6
奶油,6
白芷,6
香橙花,6
马黛茶,6
柚木,6
蜡菊,6
印度茉莉,6
桃花木,6
摩洛哥玫瑰,6
黑檀木,6
黑香豆,6
印度檀香,6
杜松果,5
小黄瓜,5
臭氧,5
苦艾酒,5
杨桃,5
粉色胡椒,5
肉桂叶,5
鲜橙,5
水生薄荷,5
香料,5
桉树,5
乙醛,5
青草,5
青柑,5
蓝莓,5
胡萝卜,5
紫苏叶,5
紫藤花,5
水晶麝香,5
水茉莉,5
小红莓,5
山楂,5
火龙果,5
青橘,5
野姜花,5
杏仁牛奶,5
佛罗伦斯鸢尾花,5
沈香,5
玛黛茶,5
醛类,5
杜松浆果,5
熏香,5
柑橘花,5
老鹳草,5
绿胡椒,5
维吉尼亚雪松,5
老鹤草,5
太妃糖,5
香根,5
巴西玫瑰木,5
烟草叶,5
波本香草,5
覆盆子花,5
波旁香草,5
香子兰,5
仙人掌,5
忍冬花,5
月下香,5
IsoESuper,5
白檀木,5
海桐花,5
香梨,4
柑橘叶,4
阿米香树,4
香芹籽,4
奈若利橙花,4
香木缘,4
莞荽,4
新鲜葡萄柚,4
奇异果,4
蜜瓜,4
花椒,4
海洋微风,4
莓果,4
海洋,4
中国柑桔,4
绿草,4
红莓,4
风铃草,4
翠玉苹果,4
榛果,4
樱草属植物,4
梨子雪酪,4
红石榴,4
白醋栗,4
玫瑰草,4
印蒿,4
杏仁奶,4
白茉莉,4
义大利柑橘精油,4
野生草莓,4
缬草,4
肉桂树,4
千叶玫瑰,4
甜桃,4
黑紫罗兰,4
铃兰花,4
粉红佳人苹果,4
Paradisone,4
白色花香,4
梅子,4
龙胆,4
柠檬花,4
巧克力,4
桃金娘,4
红橘,4
爆米花,4
抹茶,4
土耳其小豆蔻,4
喜马拉雅雪松,4
埃及天竺葵,4
sclarene分子,4
红海藻,4
白苍兰,4
白色紫罗兰,4
波旁香根草,4
松树,4
紫色小苍兰,4
香草鱼子酱,4
雏菊,4
金雀花,4
法国香根鸢尾,4
蓝玫瑰,4
曼陀罗花,4
保加利亚玫瑰精油,4
红牡丹,4
夜茉莉,4
百叶蔷薇,4
香草精油,4
松露,4
芙蓉,4
天芥,4
开司米木香,4
奶油麝香,4
黑巧克力,4
干草,4
愈疮木,4
夹竹桃花,4
玫瑰精华,4
暹罗安息香,4
粉红糖,4
透明琥珀,4
岩兰草精油,4
海地岩兰草,4
广藿香精华,4
琥珀木质调,4
龙涎酮,4
白色森林,4
零陵香,4
白苔,4
海狸香,4
琥珀子,4
性感木质香,4
安息香脂,4
希蒂莺,4
彩戈素,4
红雪松,4
苹果叶,3
西柚,3
义大利柑橘皮,3
清新空气,3
白柠檬,3
白豆蔻,3
山胡椒,3
南欧丹参,3
黄梨,3
西西里岛柑橘,3
黑柠檬,3
苦艾油,3
柠檬草,3
莲花叶,3
乙酸香根草酯,3
柠檬油,3
橡木苔藓,3
波旁胡椒,3
Calypsone,3
松香,3
柑橘调,3
松木,3
橙皮,3
番茄叶,3
竹叶,3
胡椒木,3
绿叶汁液,3
中国柑橘,3
鹿尾草,3
神秘果,3
塞维尔苦橙,3
粉色牡丹,3
野生黑莓,3
义大利莱姆,3
海神草,3
蕃茄,3
埃及橙花,3
曼陀罗,3
威廉梨,3
莱姆酒,3
红橙,3
布拉斯李,3
巴西花梨木,3
露莓,3
罂粟花,3
榅桲,3
杏子,3
黑檀,3
大溪地栀子花,3
香蕉花,3
蜜梨,3
西西里岛柠檬,3
玫瑰花苞,3
巴马紫罗兰,3
野生山楂,3
多汁水果,3
牙买加水果Nesberry,3
西西里岛柠檬叶,3
绿色紫丁香,3
香槟,3
南瓜,3
苦橙花,3
黑松露,3
埃及茉莉精华,3
紫色鸢尾花,3
小柑橘,3
橘子花,3
贝里尼,3
苦橙精华,3
巴西绿柑橘精华,3
埃及黑醋栗,3
伊兰树,3
粉红小苍兰,3
水百合,3
紫苏,3
新鲜凤梨,3
有机柑橘,3
月桂,3
茶,3
黄瓜,3
苏合香,3
秘鲁圣木,3
墨西哥莱姆,3
英格兰薄荷,3
山鸡椒,3
棕榈叶,3
辛辣调,3
西洋杉针叶,3
法国橙花,3
蓝风信子,3
玫瑰天竺葵,3
蓝水百合,3
大西洋雪松,3
岩石,3
板栗,3
爪哇香根草,3
丝柏树,3
番木瓜,3
水生调,3
椰子木,3
红椒,3
水生气息,3
黑色香草,3
牛奶,3
桧木,3
西杉木,3
阿基加拉木,3
棕榈花,3
保加利亚玫瑰花蕾,3
玫瑰花蕾,3
艾荞,3
蝴蝶百合,3
糖渍姜,3
纯香草,3
甜杏仁,3
大马士革玫瑰精油,3
白色覆盆子,3
kyphi,3
浅粉玫瑰,3
茉莉纯香精油,3
蓝色仙客来,3
葛缕子,3
白阿尔巴玫瑰,3
Mahonial™,3
星木兰,3
茶香玫瑰,3
木槿,3
留尼旺岛香草,3
晚玉香,3
蜜桃花,3
中国桂花,3
茶玫瑰,3
苍兰,3
玫瑰精粹,3
白玉兰,3
杏仁奶油,3
烟熏烟草,3
鲜奶油,3
杏仁花,3
蓝茶,3
锡兰茶,3
圣母百合,3
琥珀木香,3
香附子,3
芝麻,3
香草精,3
香豆素,3
逻罗安息香,3
橄榄树,3
美国梧桐木,3
阿帕拉契山脉雪松,3
阿特拉斯山脉雪松,3
喜马拉雅山脉雪松,3
中国柏树,3
琥珀烟草,3
黑麂皮,3
麂皮皮革,3
琥珀萃取,3
苯乙烯属,3
红枫,3
皮革调,3
黑琥珀,3
澳洲檀香,3
香木,3
太阳木,3
鸢尾兰,3
栗树,3
海洋气息,3
木犀兰,3
白色琥珀,3
白檀香,3
金色木香,3
杉木,3
白桦,3
麂皮麝香,3
奶油木,3
白木香,3
喀什米尔木麝香,3
龙涎麝香,3
约书亚树,3
香脂冷杉,3
浮木,3
金发木,3
白桦树,3
羊绒,3
橡树苔藓,3
甜麝香,3
黎巴嫩白西洋杉,3
愈创木精油,3
香葵,3
盐角草,3
白醛香,2
香菜籽,2
瓜尔酮,2
姜心精华,2
大马士革玫瑰精华,2
豆蔻果实,2
杜松精油,2
生姜提取物,2
天竺葵精油,2
蜜柑,2
冰冻小黄瓜,2
佛手柑鸡尾酒,2
水莲花,2
沾露绿叶,2
波罗蜜,2
泰国八角茴香,2
杜松莓果,2
葡萄柚皮,2
圆柏,2
西里柠檬,2
青草香,2
香料叶,2
树汁,2
柠檬醛,2
红辣椒,2
香艾菊,2
粉红干胡椒,2
野生迷迭香,2
手指香檬,2
葡萄柚精华,2
日本柠檬,2
芳樟树叶,2
粉红莓果,2
白色醛香,2
西西里酸橙,2
荳蔻果实,2
西班牙柠檬,2
晚仑夏橙,2
小荳蔻鼠尾草,2
哈蜜瓜,2
太平洋阵雨,2
柑橘精粹,2
雪松针,2
拉布里亚岛佛手柑,2
西西里岛莱姆,2
苦艾,2
印度肉豆蔻,2
棉衫菊,2
琴酒,2
龙蒿和柑橘,2
加勒比海柠檬,2
芫荽籽,2
鲜黄瓜,2
鲜橘,2
蓝柏,2
大茴香,2
常春藤,2
龙舌兰,2
橘,2
红色浆果,2
氧气,2
保加利亚大马士革玫瑰,2
柠檬马鞭草,2
柏树香,2
紫苏松脂,2
蓝色薰衣草,2
佛手柑精油,2
荔枝精粹,2
香梨果⠀,2
水晶梨,2
粉红色浆果,2
睡莲萃取,2
丁香花,2
葡萄柚花,2
冰晶调,2
沙漠百合,2
枸杞,2
糖渍柑橘,2
茉莉花蕊精萃,2
保加利亚有机玫瑰,2
凤梨叶,2
葡萄,2
洋梨雪泥,2
果酱,2
接骨木花,2
脆梨,2
格拉斯玫瑰原精,2
大马士革玫瑰原精,2
克莱门氏小柑橘,2
英国蔷薇,2
绿芒果,2
梨汁,2
清新瓜香,2
黄水仙花,2
义大利甜橙,2
日本白蕨,2
勿忘花,2
花香,2
蜂蜜花,2
糖渍柠檬,2
山桃,2
梨树花,2
粉红柑苔,2
蓝风铃,2
西西里佛手柑,2
安琪梨,2
粉红苍兰,2
雨水﹑紫丁香,2
红柚,2
葛缚子,2
香雪兰,2
红葡萄柚,2
青翠绿叶,2
芍药,2
黑莓果,2
枸杞莓,2
义大利甜柑橘,2
香槟酒,2
芦苇茎,2
冰冻过水生薄荷,2
绿丁香,2
桔柑,2
红果,2
西班牙油桃,2
冰沙,2
野马郁兰,2
黑鸢尾,2
甜柠檬,2
绿叶调,2
苦蒿,2
突尼西亚橙花精油,2
亚洲黄橙,2
甜橘,2
白色风信子,2
巴西莓,2
西瓜冰沙,2
星玉兰,2
黄金温梨,2
柑橘类,2
日本樱花,2
米香,2
粉红椒精萃,2
野生浆果,2
清酒调,2
野生莓果,2
马拉草莓果浆,2
绿色珊瑚兰,2
鲜绿柑橘,2
水莲,2
格蓬,2
黑茶蔗子,2
黑咖啡,2
葡萄酒渣,2
黑醋栗花蕾,2
赤素馨花,2
牙买佳胡椒,2
草原香气,2
朝露,2
尼泊尔蔓越莓,2
清姜,2
香瓜,2
香水百合,2
海盐焦糖,2
水果鸡尾酒,2
白花香,2
樱桃甜酒,2
柠檬，西柚,2
有机橘子,2
冰,2
秋葵籽,2
草本元素,2
粉椒,2
苹果精华,2
东方调,2
肥皂泡,2
土耳其甜梨,2
柑橘白兰地,2
法国鼠尾草,2
义大利苦橙叶,2
波斯树脂,2
姜饼,2
热带水果,2
沉香（乌木）,2
夜松,2
杏仁茉莉,2
扁豆,2
烟草花,2
黑罗勒,2
澳大利亚檀香精油,2
鸢尾凝脂,2
艾草精油,2
天竺,2
黄香李,2
咖啡萃取,2
南非布枯叶,2
肉桂油,2
马达加斯加黑胡椒,2
可可亚,2
红色柿子椒,2
西班牙辣椒,2
曼林克果香,2
火石,2
胡椒精萃,2
栀子花办,2
法国薰衣草,2
海洋基调,2
嫩绿芳香,2
冷冻薄荷伏特加,2
檀香精华,2
睡莲叶,2
青梨,2
丁香花苞,2
紫色亚麻花,2
蓝色鼠尾草,2
快乐鼠尾草精油,2
湿土,2
金属,2
水感元素,2
黑玫瑰,2
树木,2
紫罗兰苹果,2
冷衫树脂,2
橙子花,2
咖啡树花,2
香菜子,2
马达加斯加香根草,2
瓜亚木,2
川椒,2
水果,2
龙艾,2
肯塔基州的六月禾,2
苹果派,2
北美洲巨型仙人掌,2
黄玫瑰香,2
蓝色鸢尾花,2
印尼肉荳蔻,2
爪哇和海地的香根草,2
银杉,2
蓝雪松,2
脆琥珀,2
月光花,2
龙血树香脂,2
无花果树,2
咖啡精华,2
苦艾草,2
百合山谷和八角,2
黑豆蔻,2
甘椒,2
小羊皮,2
罗勒叶,2
黑皮革,2
海洋薄荷,2
柚子木,2
牙买加阿米香树,2
松果,2
香油树香,2
冷杉树脂,2
茶叶,2
粉红木兰花,2
山荷叶花⠀,2
蔷薇叶,2
玫瑰水精华,2
白色花卉,2
红色彼岸花,2
虎百合,2
午夜兰花,2
红心石榴,2
扶桑花,2
金盏花和水仙花,2
Hedione,2
佳蕾花,2
精致依兰,2
摩洛哥橙花,2
沁凉铃兰,2
星辰茉莉,2
粉红茉莉,2
伊兰,2
义大利柑橘香精,2
大溪地花朵,2
芦笔管,2
尼罗河睡莲,2
千叶玫瑰精华,2
Pomarose®,2
Mahonial®,2
巴拉圭马黛茶,2
白鸢尾花,2
胡桃,2
香叶蔷薇,2
柠檬玫瑰,2
蜜桃冰沙,2
东印度岩兰草,2
晨露花瓣,2
海棠花,2
胭脂牡丹,2
糖渍玫瑰,2
橡木霉,2
橙花水,2
铃兰果香,2
土耳其玫瑰水,2
卡萨布兰卡百合,2
粉红鸢尾草,2
白蜂蜜,2
姜根,2
香桃,2
木莓,2
覆盆子果糖,2
森巴茉莉,2
幽谷百合,2
紫兰花,2
香水草花,2
茉莉花香,2
柑苔调,2
香水树,2
阿拉伯茉莉,2
粉红百合,2
紫萝兰,2
野生玫瑰,2
天竺葵叶,2
合欢花,2
老虎兰花,2
小茉莉,2
石蒜,2
澳洲坚果,2
杏花,2
蒂亚蕾花,2
沙滩,2
水晶玫瑰,2
雅阁铜皮,2
粉红风信子,2
千金子藤茉莉,2
黄天竺,2
黄金蝴蝶兰,2
却洛奇玫瑰,2
青姜,2
海百合,2
覆盆子叶,2
巴格达睡莲,2
素馨花,2
高山火绒草,2
香水草,2
双办茉莉,2
皇冠花,2
栀子花瓣,2
向日葵,2
鸢尾精粹,2
大丽花,2
黑色兰花,2
木莲花,2
缬草花,2
石竹,2
多花素馨精粹,2
茉莉花精粹,2
双瓣茉莉精萃,2
白蜜桃,2
白铃兰,2
红百合,2
香油树,2
野茉莉,2
铃兰花瓣,2
粉红玫瑰,2
蔷薇,2
杏树,2
冷杉香脂,2
干木,2
蓬莱花,2
薄荷乳香,2
酸樱桃糖浆,2
乌龙茶,2
小粒谷物,2
白麂皮,2
非洲橙花,2
巴拉圭愈创木,2
斯里兰卡红茶,2
晨露,2
橘子树花,2
乳香脂,2
芦荟木,2
泥土,2
玫瑰纯香,2
红萝卜籽,2
桂花精华,2
茉莉精华,2
古巴兰姆精萃,2
俄罗斯白桦,2
鸢尾木,2
圣木,2
树莓,2
茶花,2
常春藤叶,2
勃根地黑醋栗花苞,2
普罗旺斯含羞草,2
罂粟,2
大麦,2
糖,2
开司米木,2
黑麝香,2
阿拉斯加雪松精油,2
CLEARWOOD®千龙木香,2
广藿香萃取,2
德州雪松,2
哥斯大黎加铁木,2
麝香木,2
天然琥珀结晶,2
莎草木,2
干琥珀,2
苏合,2
西阿拉黄檀木,2
东加香豆,2
香根草精油,2
烟,2
甜没药树脂,2
龙延香醚,2
黑木材,2
天竺薄荷,2
黑香草,2
白桃花心木,2
麝香黄葵籽,2
香豆,2
珍贵木质香,2
Cashmeran,2
矿物木质,2
水晶青苔,2
兰花楹木,2
怀俄明州的棉白杨,2
水晶苔藓,2
小山羊皮,2
Saffiano™皮革,2
琥珀调,2
巴布亚香草原精,2
喀什米亚木,2
黑加豆,2
苔藓调,2
黄糖,2
专利配方AMBERTONIC™,2
LEARWOOD®,2
AMBROX®,2
绒,2
薄荷油,2
琥珀麝香,2
透明麝香,2
树苔,2
东佳豆,2
玉坛木,2
吐鲁香脂,2
亚洲薄荷,2
长青橡木,2
东方综合木香,2
松木香脂,2
白雪松木,2
雪松精油,2
西洋杉木,2
义式奶酪,2
综合松柏木,2
白麝香⠀,2
乔治木,2
清新木质调,2
檀香和琥珀香,2
琥珀香,2
草香,2
天鹅绒鸢尾草,2
香草冰淇淋,2
牛奶慕斯,2
烟熏橡木,2
埃及无花果树,2
Ambrofix™,2
Belambre®,2
Sylkolide®,2
柔和木香,2
香荚兰,2
摩洛哥西洋杉木,2
粉红麝香,2
马德拉斯木,2
麝香三重奏,2
纯白森林木,2
李木,2
木绒,2
巴拉圭玛黛茶,2
异国香料,2
喀什米尔酮,2
杏仁糖,2
雪松﹑檀香﹑白麝香,2
黄金柏树,2
麂绒,2
东方香草,2
香草根,2
绒面皮革香,2
桦树苔,2
紫萝兰花,2
椰子汁,2
白松木,2
麝猫香,2
麝香花,2
蓝柏木,2
香子兰荚,2
阿拉斯加雪松,2
凉鞋木,2
香草精粹,2
烘烤过的零陵香豆,2
龙延香,2
稀珍檀木,2
亚基戛纳木,2
野石南,2
沙漠茉莉,2
达科塔州水仙,2
水晶琥珀,2
胡桃糖,2
CASHMERAN®,2
白色雪松木,2
琥珀金,2
香草灵药,2
麝香结晶,2
大溪地薰草豆,2
金黄香木,2
奶油香草,2
虎尾草,2
岩草兰,2
棉花麝香,2
金黄木,2
白龙涎香,2
喜马拉雅柏木,2
香草花,2
绿苔,2
白檀,2
安柏木,2
烤零陵香豆,2
无花果蜜,2
古巴香脂,2
小谷粒,2
菖蒲,2
Lorenox,2
加拿大白雪松,2
棕榈,2
木炭,2
性感麝香,2
红茶叶提取物,2
清新木香,2
零凌香豆,2
盐晶,1
西班牙小柑橘,1
紫色薰衣草,1
天然莱姆酒,1
香橙树叶,1
汁芽精油,1
冰霜橘栾果,1
柚子叶,1
莱姆琴酒气泡,1
生姜胡椒,1
冷萃酢橘,1
新鲜雨滴味,1
橘香,1
莲叶,1
香醋,1
柑桔精华,1
玫瑰花和佛柑,1
山苍树,1
卡拉布里佛手柑,1
霜叶,1
黄色葡萄柚,1
粉红色葡萄柚,1
樱草,1
非洲天竺葵,1
柠檬精油,1
麝香草,1
瓜地马拉荳蔻,1
冰柠檬,1
红姜花,1
薄荷冬青叶,1
樟脑,1
霜冻豆蔻,1
柚果实,1
墨西哥橘子,1
西班牙马郁兰,1
希腊薰衣草,1
四季橘,1
暖阳调,1
梨树叶,1
危地马拉荳蔻,1
柠檬汁,1
桂叶,1
佛手柑叶,1
印度酸橙,1
马拉巴尔生姜,1
紫叶精华,1
洋梨树叶,1
红色生姜,1
蜂香薄荷,1
薰衣草油,1
刺柏梅,1
绿橘子,1
矿物调,1
大黄叶,1
鲜果,1
白桦树叶,1
西西里岛曼德林精油,1
突尼西亚橙花醇,1
绿荨麻,1
粉胡椒椒,1
红百里香,1
香柚,1
开士米木,1
甜枣,1
西印度罗望子叶,1
地中海草本植物,1
俄罗斯桦树,1
象牙海岸柑橘,1
野生薄荷,1
青草调,1
鸡尾酒,1
奇瓦诺果,1
橙橘,1
海洋草,1
比加拉德精华,1
山艾,1
松苹果,1
卡拉曼兹水果,1
清新山林,1
龙蒿叶,1
黄檀,1
波本酒香,1
日本柚,1
冰镇芒果,1
摩洛哥橘子,1
气泡香槟,1
丹参,1
绿色元素,1
辛辣果香元素,1
波罗,1
蔓越莓,1
蓝丝柏,1
圆柏浆果,1
水生植物,1
柑橘鸡尾酒,1
蒿属,1
柑橘BIGARRADE,1
黑茶蔍子,1
鲜柚,1
桉树油,1
海浪,1
龙舌兰酒,1
海水,1
东方柑橘,1
柑橘籽精粹,1
卡德蒙乳胶,1
柑橘果浆,1
绿苹果叶精萃,1
苹果籽精粹,1
红橙姜,1
长春藤叶,1
绿柠檬叶果泥,1
小荳蔻精粹,1
冰冻生姜,1
新鲜黑胡椒,1
辛辣,1
龙柏,1
果味,1
咸奶油软糖,1
绿色水果,1
意大利香柠檬,1
鼠尾草油,1
谷粒,1
胡椒粒,1
伏特加,1
立山小种茶,1
梨子⠀,1
莫希托调酒,1
白梨,1
白桃花蜜,1
红桃,1
石榴之心,1
珍稀萃取玫瑰花瓣,1
麝香花蜜,1
义大利佛手柑香油,1
西班牙橙花,1
锡兰豆蔻,1
牙买加椒花,1
俄罗斯芫荽,1
冰沁柑橘,1
干燥柚子花,1
HivernalNeo,1
百香果花,1
宝石罂粟花,1
石榴花,1
可可和姜,1
原野花香,1
小花茉莉,1
"橙花,青苹果",1
鸢尾科植物,1
青绿扁桃仁,1
香橼树,1
蓝色无花果,1
橙花精萃,1
橘皮,1
桃香,1
白丁香,1
含羞草叶,1
土耳其玫瑰花瓣,1
洋李,1
牙买加胡椒,1
肉桂精,1
黑栗酒,1
义大利青柠,1
草莓奶油,1
牡丹精华,1
地中海橘果香,1
青甜橙,1
刺梨,1
红醋栗叶,1
热带荔枝,1
瓜果,1
绿野甘香,1
多种绿叶,1
鸦片花,1
越橘,1
越橘及,1
黑醋栗野蔷薇,1
巴西橙,1
白波斯菊,1
青翠绿味,1
红色莓果,1
红色香料,1
绿色玫瑰花苞,1
花茎,1
中国牡丹,1
香萝兰,1
荷花香,1
日本蜜柚,1
爪哇柠檬,1
黄葵子,1
紫梅,1
水蜜桃贝里尼酒,1
蜂蜡,1
综合花香,1
克莱门汀花,1
佛手柚,1
尤加利树,1
椒花,1
嘉宝果,1
尤加利果,1
花茎甘蓝柠檬,1
卡皮林禾莱姆,1
义大利苦酒,1
白草莓,1
义大利柠檬精油,1
泡泡糖,1
杂粮,1
苿莉,1
白茉莉花,1
黑醋栗叶,1
水仙百合,1
依兰树,1
浪漫的法国蔷薇,1
纯真的梦幻玫瑰,1
茶藨子,1
玫瑰花枝,1
榛果叶,1
杏仁油,1
白色百里香,1
卡拉布里亚柑橘,1
日本梨香,1
克纳夫,1
黑梅,1
黑浆果,1
蓼花,1
金黄苹果,1
鲜嫩蜜桃,1
柑橘花蜜,1
桑椹,1
义大利柑橘油,1
荞麦花,1
熟桃李,1
粉红椒,1
新鲜柑橘,1
白油桃,1
贝里尼鸡尾酒,1
柏,1
非洲万寿菊,1
粉红糊椒,1
粉红月桂树,1
柠檬冰沙,1
云莓,1
水梨花,1
大草莓,1
小豆寇香,1
橘子香,1
冰酿洋梨柠檬,1
蔓越莓果,1
粉红花椒,1
梨雅阁,1
白木兰花,1
金梨,1
水露莲花,1
白云玫瑰,1
番石榴果泥,1
黄金橘,1
红荔枝,1
浆果,1
白木兰,1
莫吉托,1
洋梅,1
红梅果,1
冰淇淋,1
湿叶香,1
茶雅阁,1
覆盆莓叶,1
蕴桃,1
西西里橘子,1
桃子花蜜,1
红心番石榴,1
梨子果皮,1
柑橘水,1
洋香瓜,1
红樱桃,1
木槿花蜜,1
掼奶油,1
柳澄,1
柠檬香料,1
新鲜小柑橘,1
pinacolada,1
植物露珠,1
黑加仑子,1
黑茶藨子,1
星茴,1
禁忌的苹果,1
绿竹,1
酸橙花,1
加州橘,1
黑莓雪酪,1
木梨,1
槴子花瓣,1
蓝色罗勒,1
曼陀螺花,1
蓝色罂粟,1
乌梅,1
绿百合,1
黑茶子,1
苹果马丁尼,1
粉红色小苍兰,1
覆盆子花蜜,1
佛手柑雾,1
阿尔巴白松露,1
丝尤花,1
英国伯爵茶,1
清酒,1
卡拉布里亚香柠檬,1
菠萝草莓,1
西番莲果,1
印度番红花,1
俄罗斯胡荽,1
法国夜来香,1
新鲜水果,1
桔花,1
马达加斯加粉红胡椒,1
义大利绿柑橘,1
甜苹果,1
白莲花,1
绿色花卉,1
苹果麝香,1
可可果,1
蜜糖苹果,1
冷冻梨,1
杏花蜜,1
玉青苹果,1
野生红草莓,1
白桂花,1
新鲜芒果,1
糖花瓣,1
综合浆果,1
富士苹果,1
菲律宾香水树,1
苹果汁,1
红石榴花蜜,1
巴西橙油,1
天然树脂,1
海索草,1
阿拉斯加海洋,1
绿莱姆,1
青香蕉,1
文旦,1
芒果青,1
格拉斯五月玫瑰,1
佛手柑和紫檀,1
黄金杏仁,1
红宝石葡萄柚,1
和佛手柑,1
柑橘.,1
水果味,1
俄罗斯软糖,1
木棉花,1
海芋,1
香葵籽,1
白松香叶,1
佛手柑麝香,1
菩提树花,1
菩提树,1
AmbroxSuper,1
苦橙白花,1
辣椒花叶,1
日本香橙,1
罗马洋甘菊,1
"胡萝卜,葡萄柚,蕃茄,绿芒果",1
山梨,1
橙桔,1
橙子,1
绿榛果,1
粉红莓,1
义大利青檬,1
橄榄叶,1
日本柚子,1
橡树叶,1
黄槿花,1
义大利柏树,1
迈索尔檀木,1
海盐椰子,1
冷杉针,1
黑兰姆酒,1
杨梅,1
枫子香,1
白芷根,1
绿荳蔻,1
红色水果,1
胡萝卜种子,1
葫芦巴,1
义大利柠檬甜酒,1
烤芝麻,1
水果调,1
Primofiore柠檬,1
水感因子,1
桲,1
西伯利亚松针,1
橙叶,1
黄连木,1
檀香脂,1
白芝麻,1
小谷物油,1
枸橼,1
血柑橘,1
薄荷胡椒,1
香芹籽苦橙,1
香芹籽和胡椒;胡椒,1
凤梨布蕾,1
孜然,1
大麻,1
卡布奇诺,1
黑兰花,1
粉红浆果,1
印度香米,1
小麦,1
荳蔻荚,1
佛手柑皮,1
青椒,1
露雾,1
丛林树叶,1
香皂,1
黑铁杉,1
鲜花,1
云南滇红,1
银杏,1
鸢尾草根,1
角果澡,1
棉杉橘,1
月桂树,1
当归花,1
胡荽种子,1
乳香树脂,1
水耕山艾,1
橙花纯油,1
桦木叶,1
肉豆蔻油,1
花瓣,1
腊菊,1
提拉米苏,1
摩洛哥葡萄柚花,1
胡椒豆,1
苜蓿嫩芽,1
长春藤,1
琥珀木质,1
斯里兰卡肉桂,1
黑胡椒精油,1
锦葵,1
红葡萄酒,1
大马士酮,1
北非洲橙花,1
印度九里香,1
德州雪松木,1
绿豆蔻,1
胡椒复方,1
白花紫罗兰,1
鸡血石,1
红胡椒,1
古明茴香,1
琥珀味种子,1
胡荽叶,1
菠萝叶,1
碎冰,1
蓝罂粟,1
黑郁金香,1
海风,1
海上浮木,1
海洋风味,1
锡兰肉桂,1
白荳蔻,1
喀什尔米木,1
麝香精华,1
松叶,1
柏叶,1
东方香料,1
劳丹脂油,1
印尼广藿香叶,1
没药树脂,1
杜松莓,1
肉豆蔻核仁,1
薄荷肉荳蔻,1
树脂木,1
水鸢尾,1
印度藏茴香,1
胡荽子,1
鼠尾草花,1
摩洛哥苦艾,1
瓜地马拉小豆蔻,1
可可果壳,1
松树针,1
波旁天竺葵,1
兰姆,1
白扁柏,1
核仁,1
白松,1
桃木,1
青草味,1
香根草根,1
墨角兰,1
黑芝麻,1
南美红椒,1
丁香玫瑰,1
银色艾草,1
托斯卡尼罗勒,1
木兰。茉莉,1
黑木,1
牛奶巧克力,1
牙买加姜,1
开司米羊绒,1
古尔琼香脂,1
海水雾气,1
茉莉花叶,1
黑醋栗嫩芽,1
海水微量元素,1
白巧克力,1
桧木毬果,1
地中海灌木,1
果香玫瑰,1
异国辛香香料,1
橙花醇花瓣,1
鼠尾草属植物,1
八角,1
水,1
黑色椰子,1
西番莲,1
海风调,1
黑醋栗芽苞,1
白色花系,1
紫罗兰花瓣,1
花束,1
太阳笔记,1
提亚蕾花,1
李子花蜜,1
大花茉莉精华,1
香菜花,1
巧克力糖浆,1
中国粉红牡丹,1
西蕃莲,1
格拉斯晚香玉,1
香草浸泡液,1
香草精华,1
香草木,1
甜瓜果香,1
白百合,1
芭乐,1
午夜紫罗兰,1
醉鱼草,1
黄牡丹,1
白色薰衣草,1
红色百合,1
琥珀籽,1
白色花朵,1
突尼西亚橙花,1
红苹果花,1
白色茉莉,1
黄色牡丹,1
水生香气,1
鹿藿香,1
蜘蛛兰,1
白仙人掌,1
砂糖兰,1
玫瑰麝香,1
芒果花,1
绿色风信子,1
凤梨花,1
非洲橙子花,1
茉莉花萃取,1
橙花萃取,1
肥皂香气,1
白兰花,1
紫鸢尾花,1
多香果叶,1
孤挺花,1
宫人草,1
沙梨,1
相思花蜜,1
白麝香鸡尾酒,1
紫苍兰,1
香子兰野玫瑰,1
丝树花,1
香油树花,1
白花花瓣,1
白糖果仁,1
橙花花瓣,1
洋玉兰,1
茉莉精萃,1
红太妃糖苹果,1
牡丹花瓣,1
玛黛,1
干姜粉末,1
粉色桃花,1
黑莓叶,1
黑白雪松,1
大胆的牡丹玫瑰,1
强烈的撒旦玫瑰,1
丽芙泰勒玫瑰,1
帕尔玛紫罗兰,1
橙花精粹,1
尼旺岛香草,1
玉唇兰,1
伊兰花,1
粉红木兰,1
红李子,1
白色水仙花,1
夜香茉莉,1
夏蜡梅,1
粉红色栀子花瓣,1
皇家茉莉,1
木兰花办,1
甜橘花苞,1
柠檬树花苞,1
椴树花苞,1
铃兰百合,1
橙心草,1
兰,1
仙楂果,1
香米,1
克罗丽丝玫瑰,1
雏菊花瓣,1
新鲜奶油,1
红赤素馨花,1
大丽花协定,1
丁子香,1
奶香芒果,1
依兰香,1
葛缕子香,1
草莓花,1
杏桃花,1
星辰花,1
红兰花,1
蓝色风信子,1
百合雅阁,1
雅阁小苍兰,1
青香,1
毛茉莉,1
粉红仙客来,1
桂冠,1
苿莉花,1
椴花,1
杯型蛋糕风味,1
文心兰香,1
悬钩子花,1
水果香,1
黄色金香木,1
九重葛,1
玫瑰芽,1
义式拿波里派,1
黑莓花,1
粉香雪兰,1
木瓜花,1
马达加斯加兰花,1
麦玫瑰,1
夏威夷大茉莉,1
蝴蝶兰,1
红色大丽花,1
绿花,1
茜草,1
欧铃兰,1
小苍兰花瓣,1
水绣球,1
白茶树叶,1
釉瓣,1
美食调,1
依兰花,1
阿拉伯茉莉花,1
椰子兰花,1
棕榈泉仙人掌,1
野兰花,1
澄樱,1
加州罂粟,1
丁香基,1
黄玫瑰,1
黄水仙,1
红色丝绒花,1
粉红虎百合,1
白水仙,1
玫瑰精油,1
牡丹花露,1
巴西天堂兰,1
普罗旺斯刺槐,1
鲜百合,1
忍冬花蜜,1
阿玛菲橙花,1
青茉莉,1
橘花,1
白麝香芦荟,1
粉红琥珀,1
摩洛哥桔橘花,1
荷兰石竹,1
法国千叶玫瑰,1
千叶玫瑰净油,1
美洲番茉莉,1
紫罗兰木,1
土耳其玫瑰精油,1
鸢尾花蕾,1
马达加斯加波旁香草,1
绿椒,1
金黄水仙,1
锦缎玫瑰,1
金银,1
决明子,1
辛香,1
大马士革,1
黑茉莉,1
野姜百合,1
天鹅绒,1
紫牡丹,1
萨布兰加木兰花,1
云南胡椒,1
郁金香,1
朱槿花,1
冬梨,1
朱槿种子,1
小雏菊,1
奶油椰子,1
粉红茉莉花,1
鸢尾草奶油,1
白果仁糖,1
水中茉莉,1
粉红番石榴,1
大溪地皇冠花,1
野生晚香玉,1
义大利鸢尾根,1
埃及晚香玉,1
玫瑰花露,1
甘草花,1
方糖,1
亚麻花,1
软木,1
糖果,1
白色千金子藤,1
精米香,1
埃及玫瑰,1
多香果,1
接骨木,1
干燥木质,1
黄玉兰,1
海地阿米香树脂油,1
俄罗斯芜荽,1
曼斯特玫瑰,1
白木兰叶,1
氧化玫瑰,1
甜茴香,1
甘菊,1
沉香木(乌木),1
印度珊瑚茉莉,1
"橘子,牡丹,芦笔管,风信子,尼罗河睡莲",1
含羞草花,1
橙花四重奏,1
保加利亚薰衣草,1
乌龙,1
野薄荷,1
陵兰,1
山调,1
希丹,1
释迦,1
绿茶调,1
热带白花香,1
威士忌,1
银椴树,1
无花果乳,1
矿物元素,1
顶级玫瑰精油,1
玫瑰原精,1
菩提花,1
西瓜酮,1
奶油蛋卷,1
印度红茶,1
臭氧元素,1
玛德莲蛋糕,1
咸无花果,1
榛果奶油基调,1
凯德油,1
巴西红木,1
清水,1
小茴香籽,1
银冷杉精油,1
突尼斯橙花,1
古巴卡藜油,1
加勒比海丁香胡椒,1
白色花朵(铃兰,1
七里香),1
摩洛哥鸢尾花脂,1
桃花蜜,1
皮革基,1
蜘蛛百合,1
广藿香花,1
人手采摘茉莉花,1
白薰衣草,1
0,1
花香元素,1
沉木,1
冷杉木,1
羊绒花,1
杜松子酒,1
绯红罂粟,1
蜜饯,1
当归籽,1
桃皮,1
枣子,1
野胡椒,1
矽石,1
黑色皮革,1
香草荚,1
青绿苔藓,1
白扁柏木,1
零陵香豆木,1
香薰,1
白西洋杉,1
冷麝香,1
巴西红杉,1
乳脂麂皮,1
固状琥珀,1
天然琥珀,1
烟熏皮革调,1
檀香和木质调,1
摩洛哥皮革,1
咖啡木,1
果子狸,1
黑豆香,1
维提味香草,1
玛瑙,1
东方琥珀,1
烘焙咖啡豆,1
铁木,1
喀什米尔香氛,1
白乳香,1
东方木材,1
灰麝香,1
香豆精,1
薰草,1
愈苍木,1
克什米尔木,1
雪松。,1
广藿香叶,1
印度檀香木,1
绒布皮,1
广香,1
香辛料系元素,1
广藿子,1
天葵子,1
柔和粉末,1
木霉木,1
阿基伽拉木,1
暹逻(泰国)安息香,1
开心果树,1
俄罗斯皮革,1
香草叶,1
性感气息,1
皮革香,1
零陵香薰草,1
沉香（乌得琴）,1
愈伤草,1
香树膏冷杉,1
粉鸢尾,1
香根草与零陵香豆,1
妥鲁香脂,1
沉香树,1
凤仙花,1
佛吉尼亚柏树,1
姜黄叶,1
乳香木,1
艾维尼,1
法国劳丹脂,1
沈香木,1
红木,1
黑色琥珀,1
陵香豆,1
珍贵木材,1
白苔癣,1
黑苔,1
Ciarawood,1
澳大利亚檀木,1
古尔朱姆香脂,1
Nagarmotha,1
木质香气,1
爪哇香根草油,1
木质琥珀,1
巴西木,1
蓝杉,1
葡萄皮,1
地中海蓝柏,1
干燥木材,1
格拉斯千叶玫瑰,1
软皮革,1
广藿香芽,1
香根皮革,1
巴拉圭木,1
麝香原精,1
Dreamwood,1
银苔,1
苹果树,1
麝香棉花糖,1
糖渍苔藓,1
感性麝香,1
檀香木乳香,1
薰香脂,1
薰木,1
Clearwood,1
喀什米尔覆盆子,1
雪松精华,1
马达加斯加隆格莎,1
丝绸木材,1
木犀属,1
水晶树苔,1
橡苔香草,1
石玫瑰香胶,1
阿米香树木,1
芙蓉籽,1
奇斐,1
粉红棉花糖,1
香草脂,1
红西洋杉,1
香草舒芙蕾,1
霓虹琥珀,1
印度广藿香,1
旁波香草,1
黑糖,1
丝绸麝香,1
温暖蜂蜜,1
寮国沉香,1
水琥珀,1
寮国安息香,1
地衣,1
云杉,1
白木香树,1
芳香树脂,1
辛辣木香,1
陵兰香豆,1
白麝香乳香,1
芳香树胶,1
缎木,1
圣路加木,1
乳香精油,1
苹果木,1
蛋白霜,1
白香草,1
丝绒麝香鸡尾酒,1
优雅的摩洛哥千叶玫瑰,1
橡木精华,1
杏仁木,1
香草䇲,1
天鹅绒麝香,1
金黄琥珀,1
白桦和荳蔻香味,1
烘烤薰草豆,1
木质檀香,1
甜奶布丁,1
琥柏,1
橘木,1
摩洛哥雪松,1
紫薇花,1
奶油香木,1
黄金琥珀,1
甘草香,1
广蕾香,1
暖阳麝香,1
白色木香,1
焦糖木质香,1
金木,1
弗吉尼亚州雪松,1
天芥菜花,1
粉红胡桃糖,1
乳脂麝香,1
鸢尾香根,1
木质味,1
马里波萨百合,1
攀藤依兰依兰,1
埃及檀香,1
泥土气息,1
金黄木香,1
大溪地香草兰花,1
冰霜麝香,1
粉红麂皮,1
杯子蛋糕，白麝香,1
液态琥珀,1
喀什米尔香木,1
虎尾草花,1
檀香。,1
海椰子,1
妥鲁香胶,1
喀什米尔木香,1
乳檀木,1
亚麻金木材,1
椰棕,1
性感木质,1
麝香琥珀,1
马黛,1
甘草根,1
Akigala木,1
蓝木红衫,1
木质调',1
喀什米尔香气,1
木质调搭配清新自然的香草精华,1
麝香黄葵子,1
黑刺李,1
肤色麝香,1
香草马达加斯加,1
软麝香,1
栀子,1
梦木DREAMWOOD,1
橙木,1
橄榄木,1
羊绒麝香,1
墨西哥香草,1
神奇麝香,1
琥珀花,1
鹅掌楸树皮,1
柔润麝香,1
马卡龙,1
黄金柏木,1
琥珀水晶,1
焦糖香草布蕾,1
白桦木,1
没药树,1
喀什米尔香草,1
白香根草,1
金发伍兹,1
可可脂,1
雪纺香草,1
粉红冰霜,1
梦木,1
香薰草,1
莫诺伊油,1
花蜜,1
梵尼兰,1
古巴香木,1
木质辛香料,1
金黄木质,1
雪松之心,1
红藻,1
岩兰草之心,1
再生麝香,1
"埃及无花果树,鸢尾花,肉桂,麝香,焚香",1
粉状调,1
印度产香根草,1
乔治亚木,1
干质木香,1
东迦豆,1
西伯利亚冷杉精油,1
古配巴树脂,1
橡苔调,1
清木香,1
无花果木,1
安息香树脂,1
白沉香,1
石松,1
杏仁状水草,1
Orcanox,1
麝香木质调,1
杉木树脂,1
胶蔷树,1
火药粉末,1
黄葵种子,1
清柔粉香,1
Vulcanolide麝香,1
滑顺檀香,1
木质麝香,1
法国烟叶,1
龙涎呋喃琥珀,1
香树脂,1
淡麝香,1
皮革木,1
麦芽,1
纯龙涎香醚,1
木头,1
印尼广藿,1
檀香沉香木,1
劳丹木,1
烟草原精,1
迦逻木,1
草药笔记,1
阿拉比卡咖啡,1
托鲁香脂,1
烟熏乳香,1
越南沉香,1
Sylvamber,1
火药,1
